strategy_id,buy,sell,none,type,MinPct,AvgPct,MaxPct,FalseCount
CCCABBCAACC,0,7762,113518,Sell,0.000541,0.073389,2.547431,NULL
CBCBBBBAABC,747,5708,319270,Sell,0.000000,0.033004,1.806452,NULL
CCCBBBCAACC,0,3979,86147,Sell,0.000368,0.053707,2.547431,NULL
CBCBBBBAABA,522,3826,179358,Sell,0.000000,0.030934,1.583491,NULL
CBCABBCAACC,0,3318,74580,Sell,0.000346,0.054575,2.547431,NULL
CCCBBBBAACC,0,3203,170091,Sell,0.000437,0.049341,2.475610,NULL
CCCBBBBAABC,579,3186,178481,Sell,0.000134,0.044228,2.547431,NULL
CCCBBBBBBCC,0,3077,134170,Sell,0.000361,0.048413,2.547431,NULL
CBCBBBBBBBC,366,2492,162647,Sell,0.000000,0.030961,1.859195,NULL
CBCABBCAABC,93,2422,47293,Sell,0.000000,0.051060,2.253425,NULL
CBCBBBBBBBA,316,2356,135877,Sell,0.000000,0.029711,1.828182,NULL
CBCBBBCAACC,0,2290,70366,Sell,0.000356,0.041235,1.859195,NULL
CBCBBBCAABC,109,2276,60581,Sell,0.000000,0.038658,1.806452,NULL
CBCBBBBAACC,0,2156,186584,Sell,0.000236,0.037072,2.475610,NULL
CCCBBBCBBCC,0,2041,32337,Sell,0.000451,0.056059,2.547431,NULL
CACBBBBBBCA,0,2031,64633,Sell,0.000347,0.046210,2.547431,NULL
CCCBBBBBBBC,333,1908,98692,Sell,0.000091,0.041988,2.475610,NULL
CCCABBCABCC,0,1806,26214,Sell,0.000451,0.072951,2.475610,NULL
CCCABBCAABC,82,1795,39392,Sell,0.000425,0.066925,2.253425,NULL
CACBBBBBBCC,0,1732,64826,Sell,0.000451,0.052123,2.547431,NULL
CACABBCAACC,0,1609,18018,Sell,0.001524,0.072613,2.019897,NULL
CABBBBBBBCA,0,1605,362642,Sell,0.000090,0.046199,2.547431,NULL
CCCABBCBBCC,0,1565,16804,Sell,0.001026,0.070307,1.859195,NULL
CCCBBBCAABC,126,1503,43363,Sell,0.000053,0.050404,1.806452,NULL
CACBBBBABCC,0,1414,71016,Sell,0.000709,0.052348,2.547431,NULL
CACBBBBBBBA,98,1386,49081,Sell,0.000118,0.039204,2.019897,NULL
CABBBBBBBCC,0,1373,295423,Sell,0.000316,0.050573,2.547431,NULL
CBCBBBBBABA,206,1342,84508,Sell,0.000000,0.030745,2.475610,NULL
CBCBBBBBABC,219,1305,82392,Sell,0.000000,0.032893,2.019897,NULL
CBCBBBBBBCC,0,1270,127992,Sell,0.000174,0.036993,2.547431,NULL
CBCBBBCAABA,75,1254,29071,Sell,0.000000,0.036232,1.249490,NULL
CACBBBBAABA,93,1251,38494,Sell,0.000155,0.038287,2.475610,NULL
CBCBBBBBBCA,0,1210,99449,Sell,0.000236,0.036171,1.583491,NULL
CACBBBBAACC,0,1207,41704,Sell,0.000942,0.051010,2.547431,NULL
CCCBBBBBACC,0,1108,64010,Sell,0.000454,0.050495,2.547431,NULL
CBCABBCAABA,47,1103,20016,Sell,0.000000,0.047027,1.249490,NULL
CBCBBBBAACA,0,1086,83364,Sell,0.000181,0.036025,2.475610,NULL
CCCBBBBBBCA,0,1080,51838,Sell,0.000369,0.047408,1.828182,NULL
CBCABBCAACA,0,1032,21706,Sell,0.000090,0.050939,2.475610,NULL
CCCBBBCABCC,0,985,24342,Sell,0.001346,0.054335,2.475610,NULL
CACBBBCAACC,0,951,16503,Sell,0.001212,0.056547,2.475610,NULL
CBCBBBCAACA,0,947,25589,Sell,0.000368,0.040933,1.828182,NULL
CCCBBBBBABC,222,936,62875,Sell,0.000278,0.045612,7.062500,NULL
CCCBCBBBBCC,0,903,30581,Sell,0.000437,0.045570,2.475610,NULL
CACBBBBAACA,0,881,27874,Sell,0.000550,0.045797,2.475610,NULL
CACABBCABCC,0,879,15409,Sell,0.001574,0.081736,2.547431,NULL
CACBBBBAABC,73,872,44886,Sell,0.000094,0.045985,2.547431,NULL
CACBBBCABCC,0,868,20570,Sell,0.001687,0.061645,2.475610,NULL
CCCBBBCBACC,0,761,15176,Sell,0.000470,0.056237,2.547431,NULL
CCCABBCBACC,0,753,9398,Sell,0.001487,0.069590,2.547431,NULL
CCCBBBBABCC,0,736,45380,Sell,0.000237,0.047929,2.475610,NULL
CCBBBBBBBCC,0,709,362556,Sell,0.000236,0.048647,2.547431,NULL
CACABBCAACA,0,702,7635,Sell,0.001752,0.060722,1.147788,NULL
CBCBBBBABBC,263,697,100369,Sell,0.000000,0.032409,1.806452,NULL
CBCABBCABCC,0,670,23325,Sell,0.000541,0.059746,1.516411,NULL
CACBBBBABCA,0,656,28336,Sell,0.000450,0.046966,2.547431,NULL
CBCBBBCBBCC,0,641,19168,Sell,0.000271,0.044660,2.547431,NULL
CACBBBCAACA,0,605,8564,Sell,0.000429,0.049997,2.475610,NULL
CACBBBBBBBC,52,588,38147,Sell,0.000128,0.046606,1.789189,NULL
CCCBBBBBBBA,98,582,36121,Sell,0.000182,0.042972,7.062500,NULL
CACBBBBBABA,60,581,25357,Sell,0.000341,0.039814,2.475610,NULL
CACBBBBBACA,0,576,23027,Sell,0.000361,0.045274,1.828182,NULL
CCCABBCAACA,0,569,10281,Sell,0.001262,0.062978,1.147788,NULL
CBCBBBCBBBC,33,563,13761,Sell,0.000000,0.039534,0.957030,NULL
CCCBBBBAABA,112,548,33020,Sell,0.000187,0.042979,2.475610,NULL
CBCBBBBBACC,0,537,52848,Sell,0.000271,0.037840,1.622575,NULL
CCCBBBCBBBC,47,536,12250,Sell,0.000321,0.050777,1.622575,NULL
CBCBBBBABCC,0,535,89706,Sell,0.000186,0.037086,1.551440,NULL
CCCABBCAAAC,0,531,30330,Sell,0.000451,0.074002,2.547431,NULL
CBCBBBCABCC,0,500,30401,Sell,0.000347,0.043376,1.516411,NULL
CBCBBBCBBCA,0,497,13108,Sell,0.000321,0.042634,2.019897,NULL
CCCBCBBAACC,0,480,19439,Sell,0.000541,0.049068,2.019897,NULL
CBCBBBBBACA,0,478,50886,Sell,0.000090,0.036129,1.147788,NULL
CBCBBBCBBBA,27,471,10984,Sell,0.000000,0.037127,1.551440,NULL
CCCBBBBAACA,0,470,29286,Sell,0.000361,0.047321,2.019897,NULL
CCCBBBCBBCA,0,468,9600,Sell,0.001325,0.055249,2.019897,NULL
CCCBBBBBACA,0,464,28516,Sell,0.000983,0.048045,1.499102,NULL
CCCBBBCAACA,0,461,11209,Sell,0.001040,0.052230,2.475610,NULL
CACBBBCBBCC,0,461,7835,Sell,0.002660,0.063069,2.475610,NULL
CACBBBCBBCA,0,448,6709,Sell,0.000908,0.053162,1.551440,NULL
BBCBBBBBBBA,84,432,28508,Sell,0.000000,0.028242,1.721174,NULL
CACABBCAABC,9,420,7199,Sell,0.000426,0.067161,2.253425,NULL
CBCBBBCABBC,55,414,21216,Sell,0.000000,0.040140,1.721174,NULL
CACABBCAABA,6,408,4570,Sell,0.000415,0.057013,1.178000,NULL
CBCABBCABBC,48,406,13598,Sell,0.000000,0.053352,1.103862,NULL
CCCBBBBABBC,95,405,29768,Sell,0.000181,0.043056,1.860915,NULL
CACBBBCAABA,11,402,6311,Sell,0.000689,0.043681,0.854685,NULL
BBCBBBBBBBC,78,399,31094,Sell,0.000000,0.028595,1.179487,NULL
CBCABBCBBCC,0,384,8080,Sell,0.000460,0.056237,1.188119,NULL
CACBBBBBACC,0,370,16218,Sell,0.000824,0.051340,2.475610,NULL
CBCBCBBBBBA,0,366,13190,Sell,0.000174,0.028894,1.721174,NULL
CCCBCBBBACC,0,365,17288,Sell,0.000374,0.049621,2.475610,NULL
CACBBBBABBC,69,364,43818,Sell,0.000455,0.048392,7.062500,NULL
CCBBBBCBBCC,0,364,23534,Sell,0.001401,0.059158,2.547431,NULL
CACBBBBABBA,77,363,25269,Sell,0.000137,0.039381,1.551440,NULL
CCCBCBBBBBC,2,359,11773,Sell,0.000174,0.039362,1.121044,NULL
CCCBCBCBBCC,0,358,4804,Sell,0.001038,0.053549,2.547431,NULL
CACBBBCAABC,16,355,8918,Sell,0.000689,0.050890,1.188119,NULL
CBCBCBBBBBC,1,353,13083,Sell,0.000083,0.029644,0.939163,NULL
BCCBBBBBBCC,0,342,20396,Sell,0.000271,0.044792,1.721174,NULL
CBCBCBBAABC,0,339,13566,Sell,0.000091,0.031127,1.185955,NULL
CCCABBCBBCA,0,334,4235,Sell,0.001210,0.066509,1.551440,NULL
CBCBBBBABBA,162,330,43704,Sell,0.000000,0.030691,1.090032,NULL
BCCBBBBBBBC,86,328,15353,Sell,0.000091,0.037450,1.529412,NULL
CBCBBBCBACC,0,327,9214,Sell,0.000451,0.042461,1.225000,NULL
CCCBCBBBBCA,0,319,13305,Sell,0.000356,0.045222,2.547431,NULL
BBCBBBBBABC,57,317,23166,Sell,0.000000,0.030439,1.290698,NULL
CCCBBBBBABA,83,315,27050,Sell,0.000348,0.044424,2.019897,NULL
CACBBBCABCA,0,313,6726,Sell,0.002409,0.055038,1.249490,NULL
CABBBBBABCC,0,309,40452,Sell,0.000648,0.048231,1.828182,NULL
CBCBCBBBBCC,0,302,16347,Sell,0.000271,0.035760,1.806452,NULL
CCCABBCBBBC,24,301,5147,Sell,0.000388,0.062163,1.828182,NULL
CBCABBCBBBC,16,298,4996,Sell,0.000181,0.049365,1.551440,NULL
CCBBBBBBBCA,0,297,190449,Sell,0.000090,0.049350,2.547431,NULL
CCCBCBCAACC,0,293,4713,Sell,0.001531,0.060509,1.158672,NULL
BCCBCBBBBCC,0,284,11640,Sell,0.000177,0.039736,1.367180,NULL
CCCBBBCABBC,39,284,10057,Sell,0.000971,0.051264,2.253425,NULL
CBBBBBBAABC,154,282,53360,Sell,0.000000,0.031251,2.547431,NULL
CCCABBCABBC,26,281,7947,Sell,0.000277,0.065748,1.828182,NULL
BBCBBBBBABA,51,272,20531,Sell,0.000000,0.029742,1.721174,NULL
CBCBCBBAABA,0,256,9044,Sell,0.000000,0.029596,0.579832,NULL
CCCBBBCAAAC,0,250,47464,Sell,0.000625,0.055406,2.547431,NULL
CBCBCBBAACC,0,250,14690,Sell,0.000450,0.038302,1.176944,NULL
CACABBCABCA,0,247,4231,Sell,0.001651,0.072073,1.099306,NULL
CCCBBBCAABA,19,245,6464,Sell,0.000825,0.047199,1.551440,NULL
CCBABBCBBCC,0,244,9169,Sell,0.000730,0.073347,1.176944,NULL
CCBABBCABCC,0,244,7547,Sell,0.000730,0.071383,1.609939,NULL
CBCABBCBBCA,0,243,5219,Sell,0.000349,0.053226,0.969466,NULL
CBCBBBCBACA,0,238,7923,Sell,0.000429,0.039071,1.147788,NULL
CBCBBBBABCA,0,237,29954,Sell,0.000236,0.036539,1.346300,NULL
CCBBBBBAABC,166,237,20778,Sell,0.000091,0.038839,1.529412,NULL
CACABBCBBCC,0,236,2942,Sell,0.002387,0.076677,1.789189,NULL
CBCABBCABCA,0,235,6188,Sell,0.001210,0.056622,1.099306,NULL
CCCBBBCBACA,0,235,5464,Sell,0.001031,0.051790,1.583491,NULL
CBCBBBCBABC,15,234,5916,Sell,0.000000,0.038262,1.346300,NULL
CBCBBBCBABA,8,233,5953,Sell,0.000000,0.037166,0.682229,NULL
CBCABBCAAAC,0,230,20602,Sell,0.000464,0.059214,1.609939,NULL
CCCACBCBBCC,0,230,1984,Sell,0.001133,0.062609,1.232059,NULL
CABBABBBBCA,0,228,54224,Sell,0.000406,0.044566,2.547431,NULL
CBCBBBCABBA,28,228,9024,Sell,0.000000,0.037575,1.806452,NULL
CCCABBCAABA,15,227,4705,Sell,0.000463,0.059860,1.103862,NULL
CACBBBBBABC,27,227,15208,Sell,0.000491,0.046725,2.019897,NULL
CBCBCBBBBCA,0,227,15855,Sell,0.000090,0.036016,2.475610,NULL
CCCBCBBAABC,3,219,9694,Sell,0.000180,0.041716,1.806452,NULL
CABBBBBBCCA,0,219,142093,Sell,0.000090,0.050729,2.547431,NULL
CACABBCBBCA,0,218,2507,Sell,0.002102,0.064158,1.721174,NULL
CBBBBBBAABA,112,214,35074,Sell,0.000000,0.028823,1.326087,NULL
CABBBBCBBCC,0,214,11226,Sell,0.001040,0.065141,2.547431,NULL
CCCACBCAACC,0,214,2620,Sell,0.000237,0.077203,1.859195,NULL
BCCBBBBBABC,56,210,12517,Sell,0.000091,0.041499,1.583491,NULL
CCCBBBCBABC,18,209,5794,Sell,0.000451,0.053832,1.789189,NULL
CCCABBCBACA,0,206,3169,Sell,0.000521,0.057458,0.969466,NULL
CACBBBCBACA,0,204,3046,Sell,0.001235,0.048696,0.961484,NULL
CBCBBBCABCA,0,201,9198,Sell,0.000356,0.043375,1.346300,NULL
CBCABBCBACC,0,198,5215,Sell,0.000878,0.051957,1.099306,NULL
CBCABBCBBBA,14,194,3831,Sell,0.000236,0.048210,1.099306,NULL
CBBBBBBBBCA,0,191,482318,Sell,0.000090,0.036722,2.547431,NULL
BBCBCBBBBBA,0,186,7471,Sell,0.000091,0.026126,0.621269,NULL
BCCBCBBBBBC,9,184,5317,Sell,0.000091,0.032359,0.991228,NULL
BCCBBBBBACC,0,179,12997,Sell,0.000237,0.046608,2.475610,NULL
CCCBBBBAAAC,0,177,280912,Sell,0.000249,0.051469,2.547431,NULL
CBCABBCABBA,26,176,5378,Sell,0.000296,0.049475,0.827354,NULL
CABBBBCBBCA,0,174,9338,Sell,0.001040,0.061147,2.475610,NULL
CBCABBCBACA,0,167,4063,Sell,0.000748,0.047161,1.038298,NULL
CCCBCBBBABC,4,164,7057,Sell,0.000294,0.042411,1.358974,NULL
CCCBCBBBACA,0,159,7918,Sell,0.000767,0.048521,2.475610,NULL
CACBBBCBBBA,9,159,3271,Sell,0.000870,0.050267,2.253425,NULL
BACBBBBBBCA,0,158,7491,Sell,0.000347,0.044346,1.346300,NULL
CBCABBCBABC,9,157,2749,Sell,0.000181,0.046366,1.099306,NULL
BBCBCBBBBBC,1,154,6848,Sell,0.000091,0.025456,0.374723,NULL
CCBABBCAACC,0,154,4229,Sell,0.001138,0.066677,1.859195,NULL
CBCBCBCAACC,0,153,2463,Sell,0.001860,0.048098,0.687151,NULL
CBCBBBCAAAC,0,152,36242,Sell,0.000295,0.043975,1.421569,NULL
CBCBCBBBABA,0,152,8002,Sell,0.000271,0.030352,0.668317,NULL
CBCBCBBBABC,0,151,7089,Sell,0.000250,0.031187,0.809259,NULL
CBCBBBBAAAC,0,150,291047,Sell,0.000181,0.040334,2.475610,NULL
CCCBCBCBACC,0,148,2359,Sell,0.002387,0.061548,2.475610,NULL
CBCBCBBAACA,0,147,8040,Sell,0.000554,0.037688,0.969466,NULL
CBBBBBBBBCC,0,146,565720,Sell,0.000166,0.037144,2.547431,NULL
CCCABBCABCA,0,146,2585,Sell,0.001862,0.074598,1.249490,NULL
CBCBCBBBACA,0,145,9791,Sell,0.000624,0.036527,2.475610,NULL
CCCBBBCBBBA,19,144,3685,Sell,0.000978,0.050605,2.253425,NULL
CACBBBCABBC,22,144,7641,Sell,0.000852,0.058572,2.253425,NULL
CACBBBCBACC,0,142,2461,Sell,0.001003,0.058731,1.622575,NULL
CABBBBBBCCC,0,141,103990,Sell,0.000578,0.054405,2.547431,NULL
CACABBCBACA,0,141,1526,Sell,0.001735,0.058685,1.232059,NULL
CCCABBCBABC,14,141,2681,Sell,0.000721,0.063029,1.828182,NULL
CACBCBBBBCA,0,141,4814,Sell,0.000562,0.043972,0.659426,NULL
BBCBBBBBBCA,0,140,20303,Sell,0.000090,0.034386,1.225000,NULL
CBCBCBBBACC,0,140,9275,Sell,0.000361,0.038124,1.121044,NULL
CCBBBBCABCC,0,138,8793,Sell,0.001687,0.051373,1.516411,NULL
CABBABBBBCC,0,136,40080,Sell,0.000451,0.047791,2.547431,NULL
BCCBCBBBACC,0,135,7995,Sell,0.000271,0.043768,1.828182,NULL
BCCBBBBBBCA,0,134,9211,Sell,0.000237,0.046801,1.038298,NULL
CABABBCABCC,0,133,4509,Sell,0.002840,0.083500,1.859195,NULL
CABBBBBABCA,0,132,18621,Sell,0.000604,0.043789,2.475610,NULL
CBCABBCBABA,10,129,2600,Sell,0.000236,0.043729,1.249490,NULL
BACBBBBBBCC,0,127,7233,Sell,0.000271,0.047353,2.547431,NULL
CABBBBCABCC,0,126,6246,Sell,0.001631,0.059874,1.147788,NULL
CCCBBBBBBAC,0,125,141556,Sell,0.000181,0.048488,2.547431,NULL
BBCBBBBBBCC,0,125,24566,Sell,0.000174,0.034880,2.547431,NULL
CCBBBBBAACC,0,123,19742,Sell,0.000578,0.043310,1.622575,NULL
CACABBCBACC,0,122,1340,Sell,0.003564,0.065387,1.609939,NULL
CCCBCBCBBCA,0,119,1602,Sell,0.001235,0.054068,1.721174,NULL
CACABBCABBC,4,117,4577,Sell,0.002212,0.075105,2.253425,NULL
CABBBBBABBA,87,116,18978,Sell,0.000236,0.036726,2.547431,NULL
CCBBBBBABCC,0,115,36888,Sell,0.000452,0.043118,1.828182,NULL
CBBABBCABCC,0,113,11761,Sell,0.000346,0.058818,1.859195,NULL
CBBBBBCBBBC,78,112,17486,Sell,0.000000,0.042450,1.551440,NULL
CACABBCAAAC,0,112,4634,Sell,0.001040,0.076005,1.499102,NULL
CBCBCBCAABC,1,111,2131,Sell,0.000563,0.039300,0.585678,NULL
CACABBCABBA,8,111,2096,Sell,0.001131,0.057871,0.585678,NULL
CABBBBBBABA,22,110,8969,Sell,0.000278,0.038118,1.529412,NULL
CACBBBCABBA,6,109,3869,Sell,0.000320,0.048401,1.225000,NULL
CCCBCBCAABC,1,109,2265,Sell,0.000966,0.051570,1.103862,NULL
BCCBBBBBBBA,20,108,6127,Sell,0.000181,0.039352,1.047619,NULL
BACBBBBBBBA,18,108,5696,Sell,0.000091,0.037276,1.158672,NULL
CCBBBBCBBBC,47,107,9085,Sell,0.000284,0.052869,1.828182,NULL
CACBBBCBBBC,13,107,2794,Sell,0.001861,0.055884,1.828182,NULL
BABBBBBBBCA,1,105,114115,Sell,0.000090,0.045426,2.547431,NULL
CCCBCBBBBBA,0,104,4886,Sell,0.000272,0.038457,1.019608,NULL
CABABBCBBCA,0,104,3040,Sell,0.000349,0.074385,1.171384,NULL
CCCBBBCABCA,0,103,3124,Sell,0.000355,0.051717,1.178000,NULL
CABBBBBABBC,78,102,26822,Sell,0.000181,0.043817,1.721174,NULL
CBCBBBBAAAA,0,101,126804,Sell,0.000249,0.037787,1.806452,NULL
CCCBCBBABCC,0,99,2794,Sell,0.001687,0.044242,1.828182,NULL
CBBABBCAACC,0,97,6107,Sell,0.000730,0.052847,1.099306,NULL
ABCBBBBAABC,56,96,20086,Sell,0.000000,0.034880,1.185955,NULL
CCCBCBCBBBC,0,96,1583,Sell,0.000452,0.048474,1.622575,NULL
BCCBCBBBBCA,0,96,5222,Sell,0.000347,0.039257,0.547319,NULL
CBBBBBCBBCC,0,95,25571,Sell,0.000486,0.047741,2.019897,NULL
CCBBBBCAACC,0,93,3564,Sell,0.000347,0.049115,1.096963,NULL
CABBBBBAABA,12,93,3995,Sell,0.000286,0.038124,1.290698,NULL
CACBCBBBACA,0,93,3622,Sell,0.000983,0.045654,0.807692,NULL
CBCABBCAAAA,0,91,5627,Sell,0.000451,0.050597,1.516411,NULL
CCCBBBBABCA,0,91,6594,Sell,0.001513,0.047142,1.551440,NULL
BCCBCBCBBCC,0,90,843,Sell,0.001087,0.048443,0.850476,NULL
CACBCBBAACC,0,86,2557,Sell,0.002559,0.051495,1.080370,NULL
CACABBCBBBA,7,86,1066,Sell,0.001561,0.057944,2.253425,NULL
CBCBCBCBBCC,0,85,1460,Sell,0.000451,0.046733,0.770833,NULL
BCBBBBBBBCC,2,85,122136,Sell,0.000180,0.045547,2.547431,NULL
CCBBBBCBBCA,0,84,8322,Sell,0.001351,0.059524,1.721174,NULL
BBCBCBBBABA,0,83,3871,Sell,0.000177,0.026542,0.400000,NULL
CBBBBBCABCC,0,83,15800,Sell,0.000347,0.044242,1.859195,NULL
CBBBBBCAABC,11,83,4592,Sell,0.000000,0.037287,1.225000,NULL
BBCBBBBBACC,0,83,15656,Sell,0.000272,0.035496,1.828182,NULL
CACBCBBAACA,0,83,2380,Sell,0.002692,0.047112,1.090032,NULL
CACBCBBBBCC,0,83,2973,Sell,0.001211,0.050882,1.346300,NULL
CCCBCBBAACA,0,83,3950,Sell,0.001771,0.050269,1.179487,NULL
BBCBBBBAABC,24,82,12075,Sell,0.000000,0.034699,1.290698,NULL
CBBBBBCBBBA,63,82,13438,Sell,0.000000,0.040268,0.827354,NULL
BBCBCBBBABC,0,82,4038,Sell,0.000000,0.028077,0.520000,NULL
CABABBCBBCC,0,81,3778,Sell,0.003088,0.081839,1.176944,NULL
CCCACBCBACC,0,81,952,Sell,0.002980,0.071290,1.859195,NULL
CACBBBCBABA,1,80,1566,Sell,0.000331,0.046826,0.961484,NULL
CBCBBBCAAAA,0,80,12462,Sell,0.000521,0.042014,1.084317,NULL
CACBCBBBBBA,0,80,2598,Sell,0.000236,0.037072,0.600710,NULL
CABBBBCBBBA,15,80,4612,Sell,0.000297,0.050839,0.660819,NULL
CBBBBBCBBCA,0,79,17148,Sell,0.000356,0.046422,1.249490,NULL
ABCBBBBBBBC,36,76,11984,Sell,0.000000,0.031827,1.086572,NULL
CCCBBBCBBAC,0,76,7615,Sell,0.000353,0.056177,1.859195,NULL
CACBBBBBBAA,0,76,59614,Sell,0.000181,0.046549,2.475610,NULL
BACBBBBBABA,11,75,3896,Sell,0.000118,0.036733,0.980392,NULL
BCCACBCBBCC,0,74,446,Sell,0.000346,0.060972,0.533552,NULL
CBCBCBCAACA,0,74,1183,Sell,0.003076,0.045365,0.447368,NULL
CCCACBCAABC,1,73,1324,Sell,0.000992,0.060637,0.612245,NULL
CACBBBBABAC,0,73,67907,Sell,0.000625,0.053020,2.547431,NULL
CCCBCBCABCC,0,73,879,Sell,0.002227,0.047843,0.498807,NULL
CBBABBCABBC,21,73,6671,Sell,0.000000,0.052728,1.225000,NULL
CACBBBBAAAC,0,72,69436,Sell,0.000368,0.054046,2.547431,NULL
CBCBCBCAABA,0,71,1237,Sell,0.000593,0.036681,0.606268,NULL
CBCBCBCBBBA,0,71,951,Sell,0.000368,0.039856,0.957030,NULL
CBBABBCAABC,12,71,3752,Sell,0.000000,0.049933,1.225000,NULL
CBCACBCAACC,0,70,1152,Sell,0.002409,0.065313,0.969466,NULL
BCCBBBBAACC,0,69,5897,Sell,0.000824,0.048384,1.828182,NULL
CCBABBCABBC,20,69,2539,Sell,0.000999,0.061628,1.225000,NULL
BCCABBCBACC,0,69,590,Sell,0.001401,0.063522,1.071327,NULL
CBCBCBCBBCA,0,69,1201,Sell,0.001489,0.048754,1.249490,NULL
CBCACBCAABC,0,68,1159,Sell,0.000734,0.047824,0.827354,NULL
CACBBBBBBAC,0,68,58468,Sell,0.000271,0.052210,2.547431,NULL
BCBBBBBBBCA,0,67,76282,Sell,0.000090,0.047843,2.475610,NULL
CACBCBBAABA,1,67,1667,Sell,0.000911,0.037085,0.563953,NULL
BBCBCBBBBCA,0,67,7502,Sell,0.000090,0.031219,1.583491,NULL
ABCBBBBBBBA,45,66,12357,Sell,0.000000,0.030985,1.235111,NULL
CACBBBCAAAC,0,66,8310,Sell,0.001533,0.056420,1.859195,NULL
BCCBBBCBBCC,0,66,1102,Sell,0.000237,0.058882,1.721174,NULL
ABCBBBBBABA,31,65,12129,Sell,0.000000,0.033196,1.367180,NULL
CBBBBBBAACC,0,65,33759,Sell,0.000174,0.035851,1.609939,NULL
CCCBBBBBBAA,0,65,54301,Sell,0.000346,0.047545,1.551440,NULL
BACBBBBBACA,0,64,3700,Sell,0.001496,0.044687,0.668317,NULL
CABABBCABCA,0,64,1427,Sell,0.003197,0.071973,0.722323,NULL
CBCBBBBBBAA,0,63,95932,Sell,0.000278,0.037161,2.253425,NULL
CABBBBBBBAA,0,63,377943,Sell,0.000181,0.047464,7.062500,NULL
CBCBCBCBBBC,0,63,1048,Sell,0.000237,0.039802,0.461240,NULL
CCCACBCABCC,0,62,677,Sell,0.003745,0.064203,0.659426,NULL
BCCBCBBBABC,3,62,3045,Sell,0.000236,0.038917,1.789189,NULL
BBCBBBBBACA,0,62,11938,Sell,0.000181,0.034710,0.791198,NULL
CBBBBBCABBC,37,61,11442,Sell,0.000000,0.040451,1.225000,NULL
ABBBCBBBABA,5,61,28826,Sell,0.000000,0.033677,1.516411,NULL
CCBBBBCAABC,16,60,1887,Sell,0.000341,0.045566,0.708889,NULL
BCCBBBCBACC,0,60,1125,Sell,0.000520,0.051204,1.346300,NULL
CBBBBBCAACC,0,59,5313,Sell,0.000356,0.040465,0.676349,NULL
CCBBBBBBACC,0,59,19650,Sell,0.000166,0.048081,2.547431,NULL
CBBABBCBBCC,0,59,10015,Sell,0.000346,0.060586,1.859195,NULL
BACBBBBBACC,0,59,3108,Sell,0.001164,0.049055,1.622575,NULL
CACBCBBBACC,0,58,2162,Sell,0.001262,0.051278,2.475610,NULL
CBCBBBBBBAC,0,58,122827,Sell,0.000271,0.038857,1.860915,NULL
CBBBBBCAABA,6,58,2181,Sell,0.000000,0.038375,0.649805,NULL
ABCBBBBBABC,37,58,11778,Sell,0.000000,0.034452,2.253425,NULL
ABCBBBBAABA,45,57,12782,Sell,0.000000,0.033587,1.090032,NULL
CCCABBCBBBA,4,57,1353,Sell,0.000571,0.063498,2.253425,NULL
CABBBBBAABC,9,57,3450,Sell,0.000265,0.045560,1.225000,NULL
CACBBBBAAAA,0,57,43363,Sell,0.000349,0.046244,1.558984,NULL
CCCBBBCBABA,9,57,2273,Sell,0.000610,0.047927,1.103862,NULL
CCCBBBBBAAC,0,56,115897,Sell,0.000437,0.052708,2.019897,NULL
BBCBCBBBBCC,0,56,7147,Sell,0.000174,0.031247,0.939163,NULL
CCBBBBCABBC,24,56,4045,Sell,0.000875,0.047413,1.721174,NULL
CABBBBBAACA,0,55,2563,Sell,0.000499,0.043784,0.850476,NULL
BABBBBBBBCC,2,55,69344,Sell,0.000180,0.048749,2.547431,NULL
ABBBCBBBBBA,14,55,37334,Sell,0.000000,0.031209,1.326087,NULL
BCCBCBBBBBA,1,55,2141,Sell,0.000181,0.033339,0.520000,NULL
CCBABBCBBCA,0,54,2929,Sell,0.002648,0.070961,1.859195,NULL
CACABBCBABA,1,54,635,Sell,0.000688,0.056037,1.249490,NULL
CCCBBBBABBA,9,53,4655,Sell,0.000803,0.041511,1.721174,NULL
CCBABBCAABC,5,53,1602,Sell,0.000133,0.060699,1.225000,NULL
CCCACBCBBCA,0,53,526,Sell,0.000369,0.073506,1.084317,NULL
CCCACBCBBBC,2,53,658,Sell,0.000902,0.055341,0.957030,NULL
CABBBBBBACA,0,53,8113,Sell,0.000272,0.044932,1.178000,NULL
CABABBCAACC,0,52,643,Sell,0.004314,0.067906,0.484252,NULL
CABBBBCBCCC,0,52,4266,Sell,0.001687,0.071131,1.121044,NULL
BBCBCBBBACC,0,51,5499,Sell,0.000271,0.033356,0.736667,NULL
BBCBBBBAACC,0,51,9909,Sell,0.000271,0.036689,1.806452,NULL
CACBBBCAAAA,0,51,4039,Sell,0.001502,0.048502,0.644068,NULL
ABBBCBBBABC,3,51,23727,Sell,0.000000,0.034844,2.547431,NULL
BCCBCBCBACC,0,50,587,Sell,0.002265,0.048294,0.724458,NULL
BCCBBBBAABC,17,50,4747,Sell,0.000091,0.045366,1.091525,NULL
CBBBBBBABCC,0,49,93704,Sell,0.000166,0.035619,2.019897,NULL
CCCBCBBBABA,0,49,3251,Sell,0.000348,0.042059,1.828182,NULL
CCBABBCBBBC,22,49,3004,Sell,0.000690,0.061842,1.147788,NULL
CBCACBCBBCC,0,49,536,Sell,0.000452,0.056783,0.650000,NULL
CCCBBBCABAC,0,49,6341,Sell,0.000491,0.054543,1.558984,NULL
CABBBBBAACC,0,48,2975,Sell,0.001037,0.051961,0.907533,NULL
CACBCBBBABA,0,48,1939,Sell,0.001138,0.038204,1.086572,NULL
BCCBBBBBACA,0,48,4997,Sell,0.000321,0.047639,2.019897,NULL
CABBBBCBCCA,0,48,3451,Sell,0.000748,0.072262,1.780000,NULL
CCBBCBBBBCC,0,48,13199,Sell,0.000236,0.043580,2.547431,NULL
AABBBBBAABA,35,47,9830,Sell,0.000399,0.043214,1.558984,NULL
BCCABBCAACC,0,47,579,Sell,0.001492,0.068023,0.840000,NULL
ABBBCBBBBBC,16,47,30121,Sell,0.000000,0.032174,2.547431,NULL
CCBBBBBAABA,23,47,4441,Sell,0.000366,0.039711,1.158672,NULL
CCCBCBCAACA,0,47,708,Sell,0.004516,0.058165,0.939163,NULL
CCCABBCBBAC,0,46,2084,Sell,0.000786,0.071358,1.171384,NULL
CBCACBCBBCA,0,46,417,Sell,0.002052,0.059162,0.601423,NULL
CBCBCBCBACC,0,46,792,Sell,0.000471,0.044964,0.544790,NULL
CCCBBBCABBA,3,45,1415,Sell,0.001790,0.047015,0.668317,NULL
CCCBBBCBAAC,0,45,6209,Sell,0.000825,0.056692,1.107892,NULL
CCCABBCBABA,3,45,981,Sell,0.001041,0.061423,1.828182,NULL
CBBABBCBBCA,0,45,5900,Sell,0.000090,0.059917,1.516411,NULL
CBBABBCBBBA,22,45,4180,Sell,0.000000,0.048207,0.504237,NULL
CBCACBCAABA,0,45,595,Sell,0.000452,0.044784,0.612245,NULL
BACBBBBBBBC,3,45,3922,Sell,0.000177,0.043829,1.091525,NULL
CCCABBCABBA,1,45,1014,Sell,0.001131,0.060071,1.828182,NULL
CABBBBCABCA,0,45,2207,Sell,0.002581,0.056334,0.999775,NULL
BCCBBBCAACC,0,44,820,Sell,0.000578,0.049439,0.619565,NULL
CCCABBCABAC,0,44,3077,Sell,0.000451,0.076390,1.225000,NULL
CBBABBCBBBC,33,44,5734,Sell,0.000000,0.050597,1.099306,NULL
BCCABBCBBCC,0,44,458,Sell,0.000361,0.066943,0.999775,NULL
BACBBBBBABC,5,43,2744,Sell,0.000463,0.043482,1.014757,NULL
CCCABBCAAAA,0,43,2586,Sell,0.001115,0.063627,1.558984,NULL
CABBBBBBBAC,0,43,293889,Sell,0.000271,0.052505,7.062500,NULL
CCCABBCBAAC,0,43,2181,Sell,0.000450,0.068579,0.741279,NULL
CCCBCBBAABA,1,42,2053,Sell,0.000507,0.040526,1.178000,NULL
CABBBBCBBBC,12,41,4077,Sell,0.000346,0.060482,2.253425,NULL
CBBABBCABCA,0,41,2804,Sell,0.001210,0.058907,1.099306,NULL
BBCBCBBBACA,0,41,4910,Sell,0.000181,0.033540,1.225000,NULL
BCCBBBCBBBC,8,41,500,Sell,0.000355,0.042056,0.459834,NULL
CACBCBBAABC,0,40,1463,Sell,0.001904,0.042829,0.559055,NULL
CBCBCBCBACA,0,40,751,Sell,0.001401,0.046818,0.836399,NULL
CCCBCBCBACA,0,39,863,Sell,0.002898,0.054708,1.346300,NULL
CBBABBCAACA,0,39,1621,Sell,0.000966,0.054411,1.516411,NULL
CACBABBBBCC,0,39,686,Sell,0.004142,0.049571,0.531447,NULL
CBBABBCAABA,5,39,1595,Sell,0.000370,0.047258,0.596909,NULL
CBCACBCBBBC,0,38,420,Sell,0.000181,0.049522,0.475520,NULL
BCCBCBBAACC,0,38,1769,Sell,0.000605,0.044087,0.573421,NULL
CBBABBCABBA,9,38,2538,Sell,0.000000,0.049249,1.099306,NULL
CACBBBCBABC,2,37,991,Sell,0.001459,0.053959,1.178000,NULL
CBCACBCAACA,0,37,470,Sell,0.000181,0.061876,0.754667,NULL
BCCBBBBBABA,24,37,4816,Sell,0.000609,0.042841,1.158672,NULL
CBCACBCBBBA,0,37,320,Sell,0.000562,0.051759,0.827354,NULL
CACABBCAAAA,0,36,1755,Sell,0.002627,0.061794,1.516411,NULL
CBCBCBBABCC,0,36,2372,Sell,0.000460,0.039091,1.090032,NULL
CBCBBBBBAAA,0,36,80287,Sell,0.000180,0.038503,7.062500,NULL
CABBBBBBABC,15,36,4453,Sell,0.000568,0.047338,1.049774,NULL
CBCBBBCBBAC,0,35,3821,Sell,0.000353,0.047856,1.171384,NULL
CACBBBCABAC,0,35,4870,Sell,0.002762,0.063210,1.499102,NULL
CACABBCBBBC,2,35,994,Sell,0.001962,0.073787,1.346300,NULL
CACBCBCAACA,0,35,302,Sell,0.003958,0.060365,0.397687,NULL
CACBABBBBCA,0,34,581,Sell,0.003900,0.050607,1.346300,NULL
CBCBCBBABBC,0,34,1921,Sell,0.000236,0.029734,0.621269,NULL
BBCBBBCBBBA,2,34,547,Sell,0.000000,0.036796,0.413793,NULL
BACBCBBBBBA,1,34,1026,Sell,0.000737,0.032366,0.381188,NULL
CABBABBBCCA,0,33,48432,Sell,0.000369,0.049834,2.475610,NULL
CBBBBBCABBA,17,33,4781,Sell,0.000186,0.038428,0.767192,NULL
CCCBCBCBABC,0,33,814,Sell,0.001552,0.052911,1.828182,NULL
CACBCBCAACC,0,33,419,Sell,0.005123,0.067533,0.676349,NULL
CBCBCBCBABA,0,33,571,Sell,0.000187,0.038589,0.387205,NULL
ACCBBBBAABC,28,33,10134,Sell,0.000660,0.047625,1.859195,NULL
BBCBBBCBABA,1,32,586,Sell,0.000104,0.033223,0.298507,NULL
CACBBBBBAAA,0,32,36922,Sell,0.000349,0.047032,1.529412,NULL
CCCBBBBABAC,0,32,38430,Sell,0.000578,0.049033,2.475610,NULL
CCCBBBBBAAA,0,32,50860,Sell,0.000349,0.050138,7.062500,NULL
CACBCBCBBCA,0,31,336,Sell,0.001466,0.057299,0.565661,NULL
CABBBBCAACC,0,31,466,Sell,0.003629,0.059154,0.710843,NULL
CCCBBBBAAAA,0,31,47982,Sell,0.000460,0.048620,7.062500,NULL
CABABBCBBBA,7,31,1286,Sell,0.000444,0.062282,0.631450,NULL
CCBBCBBBBBC,6,31,6009,Sell,0.000180,0.036967,1.188119,NULL
BCCABBCBBBC,4,31,225,Sell,0.000177,0.050055,0.829008,NULL
BBCBBBCBACC,0,31,1009,Sell,0.000356,0.041191,1.103862,NULL
BCCBCBBBACA,0,31,3197,Sell,0.000491,0.044772,0.850476,NULL
CABABBCBBBC,3,31,1190,Sell,0.000350,0.071897,1.103862,NULL
BCCACBCBBBC,2,31,129,Sell,0.000202,0.041225,0.829008,NULL
BBCBBBCBABC,2,30,722,Sell,0.000000,0.029955,0.530456,NULL
CBCBBBBAABB,6,30,508,Sell,0.000000,0.013607,0.183631,NULL
BCCBCBCBBBC,0,30,213,Sell,0.000147,0.039754,0.530456,NULL
BACBCBBBBCA,0,29,1539,Sell,0.000271,0.041607,0.488518,NULL
CACABBCBABC,0,29,394,Sell,0.003284,0.069753,0.978339,NULL
CACBCBBBBBC,0,29,1365,Sell,0.000440,0.038951,0.464664,NULL
CACBBBBABAA,0,29,27196,Sell,0.000451,0.045717,1.558984,NULL
CABABBCABBC,3,28,1465,Sell,0.001431,0.076212,1.225000,NULL
CBBBBBCABCA,0,28,4449,Sell,0.001651,0.042384,1.516411,NULL
BBCBBBCBBBC,3,28,642,Sell,0.000136,0.036313,0.530456,NULL
CCCBCBBABBC,0,28,1143,Sell,0.001534,0.040433,1.178000,NULL
BBCABBCBBBC,1,28,293,Sell,0.000272,0.034671,0.606268,NULL
CCCACBCBACA,0,28,330,Sell,0.003532,0.064440,0.602694,NULL
CBBBBBBABCA,0,27,29971,Sell,0.000237,0.035345,0.969466,NULL
CBCACBCBACC,0,27,288,Sell,0.001404,0.058932,0.388562,NULL
BCCABBCBABC,3,27,232,Sell,0.001312,0.058803,0.501953,NULL
CCBBBBBBACA,0,27,11224,Sell,0.000820,0.048171,1.346300,NULL
CBCBBBCABAC,0,27,7958,Sell,0.000451,0.047022,1.107892,NULL
CBCBBBBBAAC,0,27,85116,Sell,0.000181,0.041181,7.062500,NULL
CABBBBCAACA,0,27,278,Sell,0.004104,0.042917,0.384863,NULL
BBCBBBBAABA,15,27,5410,Sell,0.000000,0.033768,0.836352,NULL
CBBBBBBAACA,0,27,16488,Sell,0.000090,0.033386,1.090032,NULL
CABBBBBBACC,0,26,4337,Sell,0.001037,0.052394,1.622575,NULL
CCBABBCBACC,0,26,922,Sell,0.003264,0.060448,1.859195,NULL
BCCBBBCBABC,1,26,424,Sell,0.000091,0.043288,0.452991,NULL
CABABBCBCCC,0,26,1828,Sell,0.003564,0.100015,1.859195,NULL
ACBBCBBBABC,17,26,17095,Sell,0.000237,0.043534,1.860915,NULL
CCCBBBCAAAA,0,25,5392,Sell,0.000631,0.050131,0.988806,NULL
CBCBBBBBBBB,3,25,307,Sell,0.000000,0.011684,0.183631,NULL
CBCACBCABCC,0,25,257,Sell,0.001537,0.059855,0.988806,NULL
CCBBBBBAACA,0,25,4097,Sell,0.000236,0.043866,0.961484,NULL
BABBBBBBABA,20,25,6621,Sell,0.000394,0.041133,1.721174,NULL
CBCBCBCBABC,0,25,531,Sell,0.001023,0.040200,0.384863,NULL
CABABBCAACA,0,25,335,Sell,0.004146,0.058638,0.770833,NULL
CBCABBCABAC,0,24,3128,Sell,0.000541,0.065778,1.225000,NULL
CBCBCBBABBA,2,24,947,Sell,0.000606,0.030206,0.527831,NULL
ACCBBBBBBBC,16,24,6351,Sell,0.000246,0.043488,1.622575,NULL
CBCBBBCBBAA,0,24,2440,Sell,0.000181,0.043817,0.969466,NULL
BCBBCBBBBBC,23,24,6602,Sell,0.000091,0.033618,1.249490,NULL
BBCBBBCBBCC,0,24,753,Sell,0.000347,0.044242,0.632479,NULL
BBCABBCBACC,0,24,606,Sell,0.000346,0.039786,0.376147,NULL
BABBABBBBCA,0,24,14121,Sell,0.000181,0.037982,1.622575,NULL
CBCBBBBABAC,0,24,81000,Sell,0.000271,0.039215,2.547431,NULL
BACBCBBBACA,0,23,1242,Sell,0.000857,0.043751,0.598131,NULL
CCBABBCBBBA,3,23,959,Sell,0.000451,0.069039,2.253425,NULL
ACBBCBBAABC,8,23,7108,Sell,0.000455,0.042334,1.176944,NULL
CACABBCABAC,0,23,1782,Sell,0.001739,0.089082,1.780000,NULL
CBCBCBCABCC,0,23,423,Sell,0.002482,0.040575,0.287117,NULL
ABBBCBBAABC,2,22,13227,Sell,0.000000,0.034309,1.179487,NULL
BACBCBBBBCC,0,22,1075,Sell,0.001105,0.044437,0.466579,NULL
CABBABBBCCC,0,22,31445,Sell,0.000631,0.052893,2.475610,NULL
CABABBCABBA,3,22,779,Sell,0.000571,0.063017,0.504237,NULL
CACBCBBBABC,0,22,1004,Sell,0.002033,0.044111,1.021277,NULL
CBBBBBBBACC,0,21,25086,Sell,0.000166,0.037296,1.828182,NULL
BACBBBBCBBA,1,21,362,Sell,0.000272,0.023461,0.311935,NULL
CCBBCBBBBCA,0,21,8231,Sell,0.000236,0.043813,2.019897,NULL
CABABBCBCCA,0,21,1249,Sell,0.003481,0.103696,1.859195,NULL
BABBBBBCBBA,17,21,4893,Sell,0.000147,0.036674,0.756839,NULL
BBCACBCBBBC,0,21,67,Sell,0.000383,0.033829,0.520000,NULL
AABBBBBAABC,17,21,8677,Sell,0.000767,0.050955,1.609939,NULL
BCCACBCBACC,0,21,214,Sell,0.000368,0.065256,1.721174,NULL
CBCBCBBABCA,0,21,881,Sell,0.001857,0.037623,0.940388,NULL
CCBABBCABCA,0,20,777,Sell,0.003850,0.075282,1.099306,NULL
CABBBBCABBA,4,20,1422,Sell,0.000265,0.048854,0.827354,NULL
BBCABBCAACC,0,20,610,Sell,0.001138,0.054259,0.602694,NULL
BBCBBBBBBBB,2,20,176,Sell,0.000000,0.012205,0.186916,NULL
BBCBBBCAACC,0,20,1097,Sell,0.000578,0.040664,0.586538,NULL
CCBBBBCBACC,0,20,1420,Sell,0.002210,0.049731,0.521505,NULL
CABABBCAABA,1,20,220,Sell,0.001295,0.056402,0.503299,NULL
BAABBBBBBCA,1,20,23471,Sell,0.000090,0.040367,2.475610,NULL
CCCBCBCABBC,0,20,388,Sell,0.002919,0.047213,0.498807,NULL
BCCACBCAACC,0,19,101,Sell,0.002265,0.054180,0.411765,NULL
BBCBCBBAACC,0,19,1672,Sell,0.000316,0.037368,1.206148,NULL
BCCBBBCBBCA,0,19,366,Sell,0.002648,0.055998,0.450178,NULL
CABBBBCABBC,7,19,2696,Sell,0.001142,0.054656,0.628000,NULL
CBBBBBCAACA,0,19,1756,Sell,0.000748,0.039735,1.084317,NULL
CCCABBCBAAA,0,19,703,Sell,0.000721,0.061039,0.969466,NULL
BBCBBBCBBCA,0,19,545,Sell,0.000090,0.048580,0.477886,NULL
CACACBCAACC,0,19,197,Sell,0.004529,0.082399,0.723684,NULL
CBCBCBCABBC,0,19,392,Sell,0.000718,0.040223,0.961484,NULL
CCCACBCBABC,0,19,304,Sell,0.001295,0.058086,0.437166,NULL
BBCABBCBABC,2,19,455,Sell,0.000235,0.032758,0.357143,NULL
CCCBBBCBAAA,0,19,2181,Sell,0.001008,0.052188,1.188119,NULL
CCCACBCAACA,0,19,346,Sell,0.004995,0.078063,0.754667,NULL
CCCBCBCBBBA,0,19,479,Sell,0.002664,0.051605,0.961484,NULL
CBCACBCBABC,0,19,188,Sell,0.000692,0.050092,0.346983,NULL
BCCBBBBABCC,0,18,1821,Sell,0.001154,0.042792,0.660714,NULL
CACBBBCBBAC,0,18,1169,Sell,0.001264,0.067493,1.084317,NULL
CBBBCBBBBBC,1,18,6520,Sell,0.000090,0.028520,1.162338,NULL
CACBBBBCBBA,1,18,298,Sell,0.000181,0.022190,0.176665,NULL
BBCBCBCBACC,0,18,206,Sell,0.003774,0.043996,0.348837,NULL
ABCBCBBBBBA,0,18,3413,Sell,0.000177,0.029663,0.515535,NULL
CBCBBBCBAAC,0,18,3221,Sell,0.000353,0.046565,1.859195,NULL
CBCACBCABBC,0,18,217,Sell,0.001367,0.046091,0.397687,NULL
BBCABBCBABA,1,18,291,Sell,0.000355,0.029611,0.311935,NULL
CACBBBBBCCC,0,18,365,Sell,0.001971,0.051185,1.086572,NULL
BBCBBBBABBC,10,17,4625,Sell,0.000000,0.030189,0.459075,NULL
BACBBBBAACC,0,17,1393,Sell,0.002892,0.050225,1.232059,NULL
CABBBBCAABA,0,17,256,Sell,0.000709,0.045681,0.271746,NULL
CACBCBCBBCC,0,17,226,Sell,0.001962,0.067540,0.632479,NULL
CACBBBBBAAC,0,17,26620,Sell,0.000798,0.053745,2.019897,NULL
BBCABBCBBBA,4,17,266,Sell,0.000000,0.035851,0.829008,NULL
BCCBCBBBABA,1,17,1117,Sell,0.000091,0.041763,1.027132,NULL
CBCACBCBACA,0,17,241,Sell,0.001532,0.056214,1.232059,NULL
CCCBBBCBBAA,0,17,1980,Sell,0.000721,0.052804,1.084317,NULL
BCCBCBBBBAC,3,17,9047,Sell,0.000272,0.041322,1.162338,NULL
ABCBCBBBABC,0,17,3017,Sell,0.000091,0.031198,0.733333,NULL
BCCABBCBAAC,0,16,488,Sell,0.000368,0.067044,0.450893,NULL
CCBBBBCABCA,0,16,1092,Sell,0.002787,0.058734,2.475610,NULL
BCCBCBCBBCA,0,16,250,Sell,0.000349,0.052279,0.586538,NULL
CACBCBCAABA,0,16,257,Sell,0.004068,0.045252,0.325380,NULL
CBBBBBBBACA,0,16,28843,Sell,0.000090,0.035230,1.367180,NULL
BBCBCBBAABC,0,16,1049,Sell,0.000181,0.032630,0.371658,NULL
CABBBBCAABC,0,16,306,Sell,0.001113,0.055449,0.344668,NULL
ABCBCBBAABA,0,16,2358,Sell,0.000508,0.032187,1.022222,NULL
CBCABBCAABB,0,16,123,Sell,0.000000,0.025264,0.198718,NULL
ABCBCBBBBBC,0,16,2952,Sell,0.000136,0.030805,1.583491,NULL
ABBBCBBAABA,1,16,10263,Sell,0.000181,0.032397,0.678318,NULL
BCCBBBCBACA,0,16,305,Sell,0.000776,0.061988,0.723684,NULL
CBCBBBCBAAA,0,16,2636,Sell,0.000521,0.039656,0.880000,NULL
CACBBBBBCCA,0,16,253,Sell,0.001227,0.046398,0.770833,NULL
CCBBBBBBBAC,0,16,330408,Sell,0.000271,0.050551,7.062500,NULL
CCCABBCBBAA,0,16,514,Sell,0.002464,0.061007,1.084317,NULL
BCCABBCAABC,2,16,104,Sell,0.000404,0.055273,0.501953,NULL
BCCBBBBCBCA,0,15,112,Sell,0.001279,0.051033,0.441137,NULL
BBCACBCBBCC,0,15,110,Sell,0.000333,0.048535,0.528765,NULL
CACBCBCBACA,0,15,241,Sell,0.006412,0.051112,0.429000,NULL
BBCACBCBBCA,0,15,127,Sell,0.000237,0.040156,0.427273,NULL
BACBBBCBACC,0,15,145,Sell,0.001549,0.045788,0.259259,NULL
BCCBCBCAACC,0,15,189,Sell,0.001147,0.048298,0.488518,NULL
BBBBCBBBBBC,4,15,9096,Sell,0.000000,0.027520,1.421569,NULL
BACBBBBBBAA,0,14,8372,Sell,0.000348,0.046715,0.865823,NULL
CCBBCBBAACC,0,14,2041,Sell,0.000808,0.040002,0.610239,NULL
CACBCBBABCC,0,14,698,Sell,0.003749,0.047656,0.639706,NULL
BCCACBCBBCA,0,14,108,Sell,0.000460,0.073244,0.676349,NULL
CCBBBBBABCA,0,14,5294,Sell,0.000452,0.044250,1.828182,NULL
BBCABBCBBBB,3,14,43,Sell,0.000202,0.022502,0.139665,NULL
CACBCBCBACC,0,14,161,Sell,0.004634,0.059502,0.503299,NULL
CBCBBBBCBCA,0,14,341,Sell,0.000270,0.028361,0.196970,NULL
CACBBBCABAA,0,14,1517,Sell,0.000721,0.052690,1.421569,NULL
CABBBBBABAC,0,14,38439,Sell,0.000451,0.049740,1.609939,NULL
CACBCBCBBBA,0,14,185,Sell,0.003893,0.047689,0.338501,NULL
CABBBBBCBCA,0,14,10986,Sell,0.000356,0.044164,0.950850,NULL
ABCBCBBAABC,0,13,3280,Sell,0.000181,0.032665,1.188119,NULL
BACBBBBCCBA,1,13,134,Sell,0.000091,0.023052,0.221843,NULL
CBCABBCBBAC,0,13,925,Sell,0.000786,0.056604,0.438944,NULL
CBBBCBBBBBA,2,13,7855,Sell,0.000090,0.027449,0.791198,NULL
CBCABBCBAAC,0,13,1060,Sell,0.000541,0.055083,0.969466,NULL
CACBBBBCBCA,0,13,300,Sell,0.000347,0.028770,0.282696,NULL
BACBCBBBABC,0,13,381,Sell,0.001270,0.042717,0.333747,NULL
BBCBBBCBACA,0,13,658,Sell,0.000368,0.042225,0.392857,NULL
BACBCBBBACC,0,13,973,Sell,0.002985,0.044720,0.425893,NULL
BABBABBBBCC,1,13,9591,Sell,0.000180,0.042224,1.421569,NULL
CACBCBBABCA,0,13,396,Sell,0.004026,0.048489,0.263654,NULL
BBCACBCBACA,0,13,60,Sell,0.000090,0.041337,0.326797,NULL
BACBBBBABCC,0,13,2307,Sell,0.000578,0.049430,1.019608,NULL
CBBABBCBACC,0,13,1474,Sell,0.000730,0.051005,1.118590,NULL
CCBABBCABBA,2,13,356,Sell,0.004020,0.060647,0.827354,NULL
CBCBBBBABAA,0,13,25949,Sell,0.000356,0.037426,1.551440,NULL
BACBBBCBACA,0,13,116,Sell,0.004545,0.059231,0.518489,NULL
BABBBBBBCCA,1,12,24610,Sell,0.000271,0.049477,2.253425,NULL
BBBBBBBBBCA,0,12,210621,Sell,0.000090,0.035645,2.475610,NULL
CBCABBCBBAA,0,12,580,Sell,0.000932,0.051603,0.620482,NULL
BCCABBCABCC,0,12,114,Sell,0.001537,0.062460,0.570507,NULL
BACBBBBAABC,5,12,1222,Sell,0.001524,0.047671,0.521505,NULL
BACBCBBBABA,0,12,598,Sell,0.000693,0.035676,0.576923,NULL
BBCBCBCBABC,0,12,134,Sell,0.000752,0.033085,0.215536,NULL
BBBBCBBBABC,2,12,3317,Sell,0.000118,0.028829,0.606719,NULL
CCBBCBBAABC,0,12,850,Sell,0.000424,0.034225,0.724138,NULL
BCCBBBBBBAC,5,12,25675,Sell,0.000272,0.046677,1.071429,NULL
CBBBBBBBCCA,0,12,146698,Sell,0.000136,0.039283,2.475610,NULL
BBCBCBCBBBC,0,12,135,Sell,0.000406,0.033672,0.295413,NULL
BCBBBBBBACC,0,12,16600,Sell,0.000346,0.047838,1.828182,NULL
CABABBCBACC,0,12,188,Sell,0.004248,0.058524,0.632479,NULL
BBCBCBCBACA,0,12,158,Sell,0.000237,0.041838,0.362500,NULL
CCCACBCABBC,0,11,270,Sell,0.005420,0.066876,2.253425,NULL
BBCBBBBBBAC,0,11,27744,Sell,0.000091,0.037636,7.062500,NULL
BBCBCBCBBBA,0,11,172,Sell,0.000181,0.033338,0.143902,NULL
BBCBCBCBBCC,0,11,202,Sell,0.001566,0.042808,1.103862,NULL
AABBCBBBABA,0,11,6151,Sell,0.000820,0.041620,1.060000,NULL
CBBBCBBAABC,0,11,1408,Sell,0.000000,0.025938,0.308565,NULL
CABBABCBBCC,0,11,502,Sell,0.002756,0.074209,0.797176,NULL
CBCBBBBBABB,3,11,156,Sell,0.000000,0.013348,0.112058,NULL
BCCBCBCBACA,0,11,162,Sell,0.002382,0.055102,0.477352,NULL
CBCBBBBCBBA,1,11,270,Sell,0.000361,0.026780,0.664234,NULL
CACABBCABAA,0,11,512,Sell,0.003598,0.074867,0.765125,NULL
BCCBCBBAABC,0,11,578,Sell,0.000912,0.043238,0.907533,NULL
BACBBBBCBCA,0,11,344,Sell,0.000237,0.028863,0.314894,NULL
CACACBCAACA,0,11,126,Sell,0.005890,0.076014,0.969466,NULL
CABBBBBABAA,0,11,18464,Sell,0.000721,0.044283,1.346300,NULL
BBBBCBBBBBA,2,11,11203,Sell,0.000000,0.026958,1.516411,NULL
BBCACBCBBBA,0,10,85,Sell,0.000355,0.039732,0.311935,NULL
CCCBCBCAABA,0,10,382,Sell,0.001154,0.049529,0.375674,NULL
BBCBBBBABCC,0,10,5450,Sell,0.000237,0.035831,1.551440,NULL
BCCBCBCBABC,0,10,153,Sell,0.000236,0.048771,1.047619,NULL
CBCACBCABCA,0,10,103,Sell,0.001735,0.061219,0.372021,NULL
BCCBBBBABBC,3,10,934,Sell,0.000363,0.042285,0.505085,NULL
BACBBBBBBAC,0,10,8122,Sell,0.000553,0.050794,1.093664,NULL
CCCBCBCBABA,0,10,304,Sell,0.004435,0.056865,1.103862,NULL
CBCABBCBAAA,0,10,818,Sell,0.000470,0.044698,0.429153,NULL
CBBBBBCBACC,0,10,1842,Sell,0.000486,0.042606,0.999775,NULL
CBCBCBCABCA,0,10,154,Sell,0.000499,0.044783,0.299056,NULL
CCBABBCBCCC,0,10,1935,Sell,0.000346,0.094271,1.516411,NULL
CCBBBBBBCCC,0,10,66476,Sell,0.000348,0.052619,2.547431,NULL
AACBBBBBABA,10,10,2668,Unknown,0.000492,0.043497,7.062500,NULL
BBCACBCBBBB,0,10,18,Sell,0.000703,0.015139,0.056769,NULL
AACBBBBAABC,3,10,2456,Sell,0.001959,0.048946,1.084317,NULL
BBCBCBCBBCA,0,10,176,Sell,0.000091,0.039131,0.224880,NULL
CCBBBBCBACA,0,10,690,Sell,0.002756,0.047476,0.458627,NULL
BCCBBBCAABC,1,10,228,Sell,0.000271,0.041577,0.298246,NULL
ABCBCBBBABA,0,10,3264,Sell,0.000438,0.031168,0.615385,NULL
BCCABBCBACA,0,10,133,Sell,0.002045,0.069361,0.424955,NULL
CABABBCBACA,0,10,262,Sell,0.001040,0.063872,1.516411,NULL
CCBABBCBACA,0,9,404,Sell,0.004645,0.057354,0.632479,NULL
CBBBBBBBBAA,0,9,474253,Sell,0.000090,0.039153,7.062500,NULL
BCCACBCABCC,0,9,46,Sell,0.004689,0.044811,0.377880,NULL
BBCABBCBBCC,0,9,308,Sell,0.000347,0.044728,0.840000,NULL
CCBBBBCABBA,3,9,585,Sell,0.000860,0.043216,0.327465,NULL
CCBBBBBBCCA,0,9,34188,Sell,0.000588,0.056271,2.547431,NULL
CACBCBCBABA,0,9,106,Sell,0.004218,0.062390,0.381188,NULL
BACABBCBACC,0,9,53,Sell,0.005726,0.070783,0.404467,NULL
CACBBBCBBAA,0,9,1031,Sell,0.002724,0.054738,1.084317,NULL
AACBBBBBBBA,3,9,2306,Sell,0.000604,0.040995,1.358974,NULL
CCBBBBCBBAC,0,9,3262,Sell,0.001663,0.064494,1.516411,NULL
CCCBCBBBBAC,0,9,6487,Sell,0.000855,0.044335,1.859195,NULL
BBCBCBBBBAA,0,9,6155,Sell,0.000271,0.031015,0.471698,NULL
BAABABBBBCA,8,9,8438,Sell,0.000174,0.035235,1.367180,NULL
BABBBBBBACA,0,9,6234,Sell,0.000347,0.047710,1.622575,NULL
BCCBBBCBAAC,0,9,889,Sell,0.000356,0.054008,0.633161,NULL
BABBCBBBBBA,0,9,1546,Sell,0.000440,0.035512,0.402062,NULL
BCBBCBBBBBA,6,9,3290,Sell,0.000180,0.035907,0.748101,NULL
BCCBCBBABCC,0,9,353,Sell,0.001582,0.035241,0.632170,NULL
BBCACBCBACC,0,9,77,Sell,0.000460,0.047384,0.484230,NULL
CBCACBCBABA,0,9,224,Sell,0.001454,0.043259,0.338998,NULL
CABABBCAABC,0,9,256,Sell,0.003281,0.059446,0.422018,NULL
BCCBCBBBBAA,1,9,4741,Sell,0.000361,0.041862,0.615932,NULL
BCBBCBBBBCC,1,9,8853,Sell,0.000174,0.040577,2.019897,NULL
BBCBBBBCBCA,0,9,371,Sell,0.000902,0.028522,0.308642,NULL
CABBCBBBBBA,1,9,1313,Sell,0.000980,0.033526,0.683333,NULL
BBCBBBBCBBA,2,9,325,Sell,0.000090,0.025907,0.520000,NULL
CABBBBCBBAA,0,8,1154,Sell,0.002855,0.056960,0.565661,NULL
BBCACBCBABC,0,8,51,Sell,0.000355,0.040693,0.208111,NULL
CCBBCBBBABC,3,8,1298,Sell,0.000442,0.036340,0.547319,NULL
CACBCBCBBBC,0,8,109,Sell,0.004474,0.059861,1.551440,NULL
ACCBCBBAABC,0,8,1975,Sell,0.000581,0.042631,0.784257,NULL
CBCBBBBBCCA,0,8,132,Sell,0.001838,0.041429,0.383721,NULL
CCBBCBBBBBA,5,8,3629,Sell,0.000374,0.040400,0.668317,NULL
CBBBBBCBACA,0,8,1745,Sell,0.000911,0.039689,0.621269,NULL
CBBBBBCBABA,2,8,1212,Sell,0.000000,0.034425,0.429487,NULL
CACBBBCBAAC,0,8,779,Sell,0.000992,0.059069,1.859195,NULL
CBBBBBCBABC,2,8,1019,Sell,0.000354,0.041126,0.659426,NULL
BCCABBCBBCA,0,8,121,Sell,0.000965,0.080123,0.602694,NULL
CBCBCBCABBA,0,8,198,Sell,0.001974,0.035584,0.231527,NULL
BBCABBCBBCA,0,8,190,Sell,0.000090,0.052196,0.427273,NULL
BBCACBCBBAA,0,8,31,Sell,0.001667,0.063057,0.499237,NULL
CABBABBABCC,0,8,1376,Sell,0.000600,0.044103,0.498807,NULL
BBBBBBBBBCC,0,8,207397,Sell,0.000091,0.035948,2.475610,NULL
BABBBBBCBCA,0,8,5950,Sell,0.000278,0.041502,1.622575,NULL
BCCABBCBBAC,0,8,363,Sell,0.000368,0.054815,0.515535,NULL
CABBBBCBACA,0,8,376,Sell,0.001091,0.046387,0.602694,NULL
BCCBCBCBBAC,0,8,214,Sell,0.000091,0.052567,0.586538,NULL
CACBBBCBCCC,0,8,134,Sell,0.004214,0.092824,1.158672,NULL
CABBBBCBABA,0,8,163,Sell,0.002591,0.046887,0.443873,NULL
CACABBCBAAC,0,8,266,Sell,0.004529,0.077753,1.171384,NULL
ACCBBBBAABA,8,8,2397,Unknown,0.000654,0.046702,0.950850,NULL
BBCBBBCAABC,1,8,468,Sell,0.000354,0.037996,0.360000,NULL
BCCBBBBBAAC,3,8,29522,Sell,0.000333,0.050264,1.780000,NULL
CACACBCBACC,0,8,51,Sell,0.005054,0.098670,0.642169,NULL
BBCBBBCBAAC,0,7,584,Sell,0.000721,0.038071,0.586538,NULL
CCBBBBBCBCA,0,7,17120,Sell,0.000749,0.050689,1.828182,NULL
BCCBBBBAAAC,0,7,10494,Sell,0.000808,0.051350,1.421569,NULL
BABBBBBBABC,5,7,3096,Sell,0.000227,0.046743,1.290698,NULL
CBCBBBCBBBB,1,7,36,Sell,0.000414,0.015682,0.105562,NULL
BACBBBCBBCA,0,7,104,Sell,0.001210,0.085418,1.780000,NULL
CCCBBBBCBBA,0,7,73,Sell,0.001932,0.042634,0.619565,NULL
CACACBCBBBA,0,7,62,Sell,0.003502,0.061768,0.405439,NULL
CCBBBBBBBAA,0,7,173033,Sell,0.000181,0.050315,7.062500,NULL
BBCBCBCBABA,0,7,126,Sell,0.000104,0.038552,0.298507,NULL
CABABBCACCC,0,7,233,Sell,0.005696,0.112779,1.516411,NULL
CCBBBBCAACA,0,7,497,Sell,0.003402,0.058447,1.084317,NULL
BACBCBBBBBC,0,7,470,Sell,0.000978,0.034575,0.304106,NULL
CBCABBCABAA,0,7,771,Sell,0.004091,0.059044,0.708642,NULL
BBCBBBBAACA,0,7,3187,Sell,0.000604,0.040534,1.021277,NULL
CACABBCBCCC,0,7,84,Sell,0.004606,0.096587,0.570507,NULL
BBCABBCAABC,0,7,223,Sell,0.000249,0.044906,0.304348,NULL
CCCBCBBBBAA,0,7,3140,Sell,0.000462,0.045534,1.080370,NULL
BBCBBBBBBAA,0,7,23169,Sell,0.000180,0.037671,7.062500,NULL
CCCBBBBCBCA,0,7,101,Sell,0.002599,0.037327,0.219718,NULL
BCBBBBBBACA,0,7,9888,Sell,0.000174,0.047771,1.789189,NULL
CACACBCAABC,0,7,132,Sell,0.003966,0.066359,0.579832,NULL
CCBABBCABAC,0,7,957,Sell,0.000878,0.088662,1.171384,NULL
BBCABBCBACA,0,7,335,Sell,0.000090,0.046353,0.676349,NULL
AACBBBBAABA,3,7,2188,Sell,0.001101,0.040970,0.673745,NULL
BBCBBBBCCBA,0,7,70,Sell,0.000090,0.030962,0.153239,NULL
CACBABCBBCC,0,7,92,Sell,0.005327,0.065653,0.602694,NULL
BBBBCBBBABA,2,7,4172,Sell,0.000000,0.029744,1.121044,NULL
BCCACBCBABC,0,7,65,Sell,0.002364,0.052108,0.382979,NULL
BACBBBCAACC,0,7,131,Sell,0.004057,0.071085,0.503299,NULL
CABBBBBCCCA,0,7,53702,Sell,0.000306,0.050799,1.859195,NULL
CABBBBCBACC,0,7,295,Sell,0.003943,0.053148,0.421429,NULL
BCCACBCBBAC,0,6,103,Sell,0.000828,0.070672,0.363571,NULL
CCBABBCAAAC,0,6,901,Sell,0.000451,0.072534,1.171384,NULL
BCCBBBBBBAA,1,6,11491,Sell,0.000237,0.048269,1.103862,NULL
CABBBBCBBAC,0,6,1337,Sell,0.000889,0.072124,1.516411,NULL
CACBCBCAABC,0,6,256,Sell,0.002527,0.055242,0.577586,NULL
BCCBBBBCBBA,0,6,62,Sell,0.000831,0.027767,0.232558,NULL
CBBBBBBCBCA,0,6,36245,Sell,0.000090,0.036585,1.806452,NULL
BCCBBBCABCC,0,6,231,Sell,0.002877,0.055757,0.619565,NULL
CACABBCBAAA,0,6,292,Sell,0.001833,0.056061,0.647287,NULL
BACABBCBBCC,0,6,40,Sell,0.005944,0.083732,0.314480,NULL
BABBBBBAABC,2,6,1220,Sell,0.001371,0.051567,0.795600,NULL
CABABBCBABA,1,6,89,Sell,0.002797,0.058600,0.343279,NULL
CCBBCBBBACC,0,6,2854,Sell,0.001037,0.043159,1.622575,NULL
CBBBABBBBCA,0,6,39417,Sell,0.000316,0.035583,2.475610,NULL
CBBBCBBAABA,2,6,1157,Sell,0.000000,0.028704,0.968928,NULL
CBBBBBBBCCC,0,6,183728,Sell,0.000174,0.039311,2.475610,NULL
CABBCBBBABA,0,6,452,Sell,0.000249,0.033620,0.443082,NULL
CBCBBBBCCCA,0,6,81,Sell,0.001115,0.027240,0.194444,NULL
BCCBBBCBBBA,0,6,124,Sell,0.000900,0.052497,0.226454,NULL
CCBABBCAABA,3,6,220,Sell,0.001325,0.061178,0.503299,NULL
CBCBBBCABAA,0,6,2240,Sell,0.000451,0.043526,0.765125,NULL
CABBCBBAACC,0,6,317,Sell,0.003643,0.039354,0.228806,NULL
BBCABBCBAAC,0,6,337,Sell,0.000091,0.044637,0.373898,NULL
CBBABBCBACA,0,6,1119,Sell,0.000181,0.047096,0.723684,NULL
BBCACBCBABA,0,6,53,Sell,0.000902,0.033546,0.345745,NULL
CACBABBABCC,0,6,327,Sell,0.002825,0.048988,0.393836,NULL
CCCBCBBABCA,0,6,365,Sell,0.002711,0.049445,1.038298,NULL
CACABBCBBAA,0,6,184,Sell,0.003146,0.064287,0.460377,NULL
BBCBCBCAACC,0,6,107,Sell,0.003973,0.037471,0.373936,NULL
BACBBBBBAAA,0,6,6951,Sell,0.000349,0.048269,1.188119,NULL
ABCBBBBABBC,6,6,1578,Unknown,0.000327,0.036452,0.765125,NULL
CABBCBBBBBC,0,6,576,Sell,0.001538,0.039936,0.441818,NULL
CBCBBBCAABB,0,6,100,Sell,0.000129,0.019406,0.093514,NULL
CACBBBBBCBA,0,6,122,Sell,0.000975,0.035872,0.270492,NULL
CBBBBBCABAC,0,6,4021,Sell,0.002398,0.048971,1.516411,NULL
CBBBCBBBABA,0,6,1918,Sell,0.000307,0.027938,0.635405,NULL
BCBBBBBCBCA,1,6,5705,Sell,0.000696,0.046808,1.178000,NULL
CCBBBBCAABA,1,6,328,Sell,0.000349,0.045912,0.346359,NULL
CACACBCBBCC,0,6,64,Sell,0.006012,0.089769,1.107892,NULL
CABBCBBBBCA,0,6,2092,Sell,0.000900,0.044614,1.179487,NULL
CCCACBCAABA,0,6,196,Sell,0.000473,0.060096,0.557377,NULL
BCCBBBCBBAC,0,6,499,Sell,0.000355,0.049016,0.408799,NULL
CCCBBBBABAA,0,6,5175,Sell,0.001386,0.046208,0.601423,NULL
CACACBCBBCA,0,6,87,Sell,0.003850,0.062882,0.254876,NULL
BACBBBBCABA,0,5,75,Sell,0.000177,0.023741,0.191176,NULL
AABBCBBAABA,0,5,1564,Sell,0.001410,0.041770,1.522832,NULL
CBCBABBBBCA,0,5,181,Sell,0.002884,0.033750,0.271942,NULL
AACBCBBBBBA,0,5,440,Sell,0.001835,0.039163,0.421053,NULL
BACBBBBABCA,0,5,726,Sell,0.002892,0.049747,0.483235,NULL
BACBBBCBBBC,0,5,45,Sell,0.002569,0.052706,0.229236,NULL
CBBABBCBABC,3,5,640,Sell,0.000000,0.044760,0.459236,NULL
BACABBCBABA,0,5,20,Sell,0.003322,0.076521,0.630631,NULL
BBCBBBBBAAA,0,5,22356,Sell,0.000180,0.038980,1.169620,NULL
CACABBCBBAC,0,5,223,Sell,0.004487,0.076048,0.498366,NULL
BCBBCBBBABC,3,5,2071,Sell,0.000180,0.037209,1.021127,NULL
CACBBBBCABA,0,5,37,Sell,0.001484,0.020738,0.090909,NULL
CACAABCABCC,0,5,66,Sell,0.008147,0.085304,0.570507,NULL
BABBCBBBABA,1,5,630,Sell,0.000972,0.033817,0.416646,NULL
CCCACBCABCA,0,5,55,Sell,0.005663,0.061895,0.202876,NULL
CBBBBBBAAAC,0,5,43041,Sell,0.000181,0.040463,1.806452,NULL
CACBBBCBCCA,0,5,67,Sell,0.006224,0.085968,0.907533,NULL
CCBBBBBABAC,0,5,32497,Sell,0.000181,0.046179,2.019897,NULL
CACBABCABCC,0,5,114,Sell,0.005701,0.065325,0.628000,NULL
CABBBBCABAA,0,5,524,Sell,0.002441,0.055352,0.392857,NULL
CABBBBBBCAA,0,5,102248,Sell,0.000184,0.051051,7.062500,NULL
CCCACBCBBBA,0,5,168,Sell,0.004154,0.056743,0.259259,NULL
CBCBCBBBBAC,0,5,3157,Sell,0.000541,0.036714,0.560430,NULL
CACBABBBBBA,0,5,247,Sell,0.001724,0.039082,0.416370,NULL
BACBBBCBABA,0,5,65,Sell,0.001099,0.046688,0.335357,NULL
CBCBCBBAABB,0,5,16,Sell,0.001344,0.010634,0.067308,NULL
CBCABBCBBBB,1,5,29,Sell,0.000000,0.031106,0.228155,NULL
CBBBBBBBBAC,0,5,562011,Sell,0.000180,0.041109,2.547431,NULL
CACBCBCABCC,0,5,79,Sell,0.000606,0.077495,0.467879,NULL
CCBABBCAACA,0,5,496,Sell,0.002531,0.059695,1.516411,NULL
BBCBBBBBABB,0,5,106,Sell,0.000000,0.013157,0.067308,NULL
CABABBCBCBA,1,5,461,Sell,0.002103,0.074486,0.631450,NULL
ABBBCBBBBBB,0,5,62,Sell,0.000287,0.011693,0.094945,NULL
CABBBBCBABC,0,5,91,Sell,0.005447,0.059381,0.291667,NULL
BCCABBCBBAA,1,5,110,Sell,0.000721,0.051258,0.226846,NULL
CBBBBBCBBAC,0,5,4004,Sell,0.000473,0.053564,1.516411,NULL
CABBABCBCCA,0,5,431,Sell,0.003184,0.081148,1.780000,NULL
ACCBCBBBABC,0,5,2058,Sell,0.000539,0.042306,1.147788,NULL
CCCBBBBCBBC,0,5,30,Sell,0.002825,0.032831,0.146907,NULL
BACBCBCBABC,0,5,10,Sell,0.005663,0.055118,0.443082,NULL
CBBABBCAAAC,0,5,1378,Sell,0.000451,0.063162,1.107892,NULL
CACBBBBCCBA,0,5,95,Sell,0.000349,0.022955,0.209334,NULL
CBBABBCAAAA,0,5,365,Sell,0.001833,0.044816,0.382979,NULL
CCCBCBCABCA,0,5,104,Sell,0.005242,0.063589,0.631450,NULL
CBBBBBCBBAA,0,4,2460,Sell,0.000521,0.054322,1.516411,NULL
BCCABBCAAAC,0,4,325,Sell,0.003221,0.073158,0.468900,NULL
BACACBCBBCA,0,4,8,Sell,0.005101,0.048991,0.150171,NULL
BCCACBCBACA,0,4,50,Sell,0.004656,0.080511,0.515470,NULL
BBCBCBBBBAC,0,4,4953,Sell,0.000091,0.033218,0.784257,NULL
CCBAABCBBCC,0,4,256,Sell,0.005929,0.085829,0.602694,NULL
BBCABBCBBAC,0,4,140,Sell,0.000464,0.036069,0.324427,NULL
CACBABBABCA,0,4,129,Sell,0.002885,0.044410,0.286885,NULL
BABBBBBCCCA,0,4,10697,Sell,0.000090,0.048160,1.583491,NULL
CABBABCBBCA,0,4,519,Sell,0.003899,0.063355,0.723684,NULL
BABBBBBABCC,0,4,5291,Sell,0.000496,0.051150,1.828182,NULL
CCBBCBCBBCC,0,4,154,Sell,0.000578,0.055481,0.344668,NULL
BACBBBBABBC,1,4,1155,Sell,0.000271,0.044760,0.489796,NULL
CCCBBBCABAA,0,4,683,Sell,0.000721,0.052695,0.601423,NULL
BACBBBCBBCC,0,4,136,Sell,0.001466,0.060247,0.238095,NULL
CACBABCAACC,0,4,15,Sell,0.005668,0.055671,0.224796,NULL
CABABBCABAC,0,4,512,Sell,0.003535,0.100125,1.171384,NULL
CBBBBBCBCCA,0,4,5087,Sell,0.000356,0.056048,1.249490,NULL
BCCBCBCAABC,0,4,47,Sell,0.001470,0.065517,1.176944,NULL
CBCBCBBBAAC,0,4,1895,Sell,0.001291,0.038166,1.071429,NULL
BBCBCBBAABA,0,4,437,Sell,0.001856,0.034336,0.373898,NULL
BACBBBBAABA,1,4,825,Sell,0.000450,0.044546,0.836352,NULL
CBBABBCABAC,0,4,1642,Sell,0.000541,0.076242,1.171384,NULL
CCBBCBBBABA,0,4,684,Sell,0.001406,0.036972,0.425893,NULL
BCCBCBBBAAC,0,4,4037,Sell,0.000181,0.042601,0.890244,NULL
CACACBCAABA,0,4,122,Sell,0.003729,0.056176,0.550378,NULL
CABBCBBBACA,0,4,788,Sell,0.002079,0.046332,0.850476,NULL
BBCABBCBBAA,0,4,158,Sell,0.000355,0.032698,0.138975,NULL
CBBBCBBBBCA,0,4,8408,Sell,0.000452,0.033099,1.038298,NULL
CABBABCBBBA,1,4,287,Sell,0.001233,0.051505,0.301802,NULL
BBCBCBCBBBB,0,4,9,Sell,0.000460,0.023426,0.104478,NULL
AACBBBBBABC,2,4,1695,Sell,0.000278,0.045832,0.897094,NULL
CABAABCBBCA,0,4,143,Sell,0.005696,0.075822,0.394790,NULL
BCBBCBBBACC,0,4,3475,Sell,0.000180,0.042834,1.789189,NULL
CABBCBBBABC,0,4,177,Sell,0.001667,0.037329,0.212000,NULL
CACBBBCBAAA,0,4,899,Sell,0.003251,0.050512,1.421569,NULL
CBCBBBBBCBA,1,4,57,Sell,0.004951,0.035163,0.270492,NULL
BBCBBBCAACA,0,4,213,Sell,0.001739,0.048820,0.278571,NULL
BACABBCBACA,0,4,43,Sell,0.004656,0.069666,0.499237,NULL
BACABBCAACC,0,4,62,Sell,0.004461,0.078037,0.291258,NULL
BCBBBBCBBBC,3,4,155,Sell,0.001035,0.060101,0.829008,NULL
BBCBCBBBBBB,0,4,31,Sell,0.000181,0.016107,0.078714,NULL
CABBCBBAACA,0,4,298,Sell,0.003221,0.036578,0.464145,NULL
BCBBCBBAABC,0,4,683,Sell,0.000323,0.039194,0.533846,NULL
ACCBCBBBBBC,1,4,1831,Sell,0.001390,0.040971,1.071429,NULL
CACBABBBBBC,0,4,267,Sell,0.003076,0.055280,0.689394,NULL
BBBBBBBCCCA,0,4,22579,Sell,0.000090,0.037662,1.516411,NULL
BCCABBCABBC,0,4,25,Sell,0.003077,0.073626,0.501953,NULL
CABBBBBCBCC,0,4,2035,Sell,0.001351,0.050532,0.939163,NULL
CCBBBBCAAAC,0,4,1450,Sell,0.000631,0.051896,1.171384,NULL
CACBABBABBC,0,4,161,Sell,0.004216,0.054130,1.178000,NULL
CBCBCBBBBBB,0,4,30,Sell,0.000118,0.008672,0.059749,NULL
BBCABBCBAAA,0,4,219,Sell,0.000295,0.035797,0.363985,NULL
BAABBBBBBCC,3,4,10126,Sell,0.000090,0.041414,1.158672,NULL
CCCBCBBBAAA,0,4,2020,Sell,0.000496,0.044812,0.715564,NULL
CCBBBBCABAC,0,4,2228,Sell,0.002294,0.056817,1.171384,NULL
CBBBCBBBACA,0,3,2327,Sell,0.000091,0.032020,0.773109,NULL
BCCABBCBAAA,0,3,122,Sell,0.002703,0.077048,0.468900,NULL
CBCBABBBBBA,0,3,112,Sell,0.001804,0.035617,0.499456,NULL
BBCBBBCBAAA,0,3,317,Sell,0.000355,0.042042,0.492857,NULL
CBBAABCBBCC,0,3,480,Sell,0.000730,0.069826,1.084317,NULL
CACABBCACCC,0,3,57,Sell,0.008082,0.141075,1.516411,NULL
BBCABBCABCC,0,3,156,Sell,0.001791,0.058312,0.363571,NULL
CABBABBABBA,0,3,295,Sell,0.000270,0.034565,0.208580,NULL
BACBBBBCCCA,0,3,128,Sell,0.000237,0.025498,0.136364,NULL
BBCBCBCBBAA,0,3,53,Sell,0.000851,0.050305,0.577957,NULL
CABBCBBAABA,0,3,161,Sell,0.001767,0.036554,0.433178,NULL
CBBBBBCABAA,0,3,1074,Sell,0.002049,0.048778,0.565661,NULL
BACBBBBBCCA,0,3,45,Sell,0.001211,0.043298,0.204268,NULL
CCBBBBCBCCC,0,3,4205,Sell,0.003369,0.070361,1.859195,NULL
BACBCBCBBBA,0,3,16,Sell,0.007690,0.043010,0.156687,NULL
CBBABBCBCCC,0,3,4180,Sell,0.000346,0.080932,1.859195,NULL
CABBCBBBBCC,0,3,1064,Sell,0.002316,0.048098,0.450167,NULL
BACBCBBCBCA,0,3,58,Sell,0.000368,0.021459,0.092357,NULL
BBCBCBBAACA,0,3,535,Sell,0.001296,0.039125,0.490250,NULL
CBBBBBBCBCC,0,3,17378,Sell,0.000166,0.034431,1.516411,NULL
CBCACBCABBA,0,3,106,Sell,0.002922,0.054729,0.471698,NULL
CABBBBBBCAC,0,3,68669,Sell,0.000406,0.054795,2.547431,NULL
CBBBCBBAACC,0,3,1874,Sell,0.000166,0.035278,0.741410,NULL
BCCBCBCBABA,0,3,37,Sell,0.006029,0.041996,0.194175,NULL
CBCAABCAABA,0,3,23,Sell,0.000370,0.029267,0.113537,NULL
CCCAABCBBCC,0,3,49,Sell,0.008034,0.089082,1.071327,NULL
CACBCBBABBA,1,3,280,Sell,0.001577,0.036972,0.202152,NULL
CABBCBBBACC,0,3,409,Sell,0.002822,0.046482,0.642580,NULL
CCCABBCABAA,0,3,302,Sell,0.003661,0.063167,0.394790,NULL
CABAABCBCCC,0,3,134,Sell,0.006088,0.109788,0.708642,NULL
BACBBBCBABC,0,3,50,Sell,0.002352,0.039981,0.275000,NULL
CBBBCBBAACA,0,3,1249,Sell,0.000181,0.032793,0.631450,NULL
AABBCBBBBBC,3,3,3455,Unknown,0.000888,0.043227,0.647287,NULL
CACACBCABCC,0,3,35,Sell,0.008834,0.093271,0.315914,NULL
BBBBCBBBBBB,0,3,60,Sell,0.000236,0.010122,0.094340,NULL
BBCABBCBABB,2,3,40,Sell,0.000237,0.013501,0.100000,NULL
CBCBBBCBABB,1,3,10,Sell,0.001650,0.023526,0.084249,NULL
BCBBBBCBBCC,0,3,433,Sell,0.002687,0.088945,1.071327,NULL
CABBBBCAAAA,0,3,125,Sell,0.004268,0.050878,0.399123,NULL
BBCBBBCBBAC,0,3,256,Sell,0.000271,0.042794,0.334127,NULL
CACAABCBBCA,0,3,26,Sell,0.003850,0.061821,0.368330,NULL
BCCACBCBBAA,0,3,41,Sell,0.000090,0.054407,0.233139,NULL
BACABBCBABC,0,3,17,Sell,0.008806,0.128549,0.829008,NULL
ABCBBBBAABB,1,3,20,Sell,0.000000,0.010035,0.040650,NULL
CACBABBBCCA,0,3,20,Sell,0.001020,0.037337,0.150313,NULL
BBCABBCAAAC,0,3,277,Sell,0.000451,0.057932,0.414966,NULL
CACBCBBABBC,0,3,368,Sell,0.002193,0.046056,0.440308,NULL
CABAABCBBCC,0,3,147,Sell,0.004688,0.096876,1.171384,NULL
CCCABBCCBCC,0,3,6,Sell,0.014493,0.062548,0.198765,NULL
BABBBBBBCCC,0,3,14943,Sell,0.000237,0.050557,1.622575,NULL
BBCACBCBCBB,0,3,NULL,Sell,0.000287,0.007194,0.014493,NULL
CCBBABBBBCC,0,3,16286,Sell,0.000851,0.048030,2.475610,NULL
CACBABBABBA,0,3,75,Sell,0.001367,0.042253,0.348872,NULL
CCCBCBBABBA,0,3,158,Sell,0.002372,0.046396,0.438931,NULL
CACACBCBABA,0,3,36,Sell,0.005336,0.052216,0.325000,NULL
BBCBBBBAAAC,0,3,15432,Sell,0.000180,0.043511,1.859195,NULL
BCCBCBBABBC,0,3,93,Sell,0.000181,0.027368,0.212821,NULL
BBCBCBBABBC,0,3,193,Sell,0.000327,0.030340,0.380000,NULL
BBCBBBCABCC,0,3,423,Sell,0.003184,0.045304,0.532062,NULL
CCCBCBBBAAC,0,3,4091,Sell,0.001549,0.048405,1.558984,NULL
BABBABBBBAA,1,3,9496,Sell,0.000090,0.040163,1.529412,NULL
BABBBBBBACC,0,3,3229,Sell,0.001728,0.052171,0.850476,NULL
CBCBBBBCABA,0,3,28,Sell,0.000941,0.022499,0.114754,NULL
BACBBBBABBA,0,3,555,Sell,0.000471,0.038724,0.637405,NULL
AABBCBBBABC,0,3,2910,Sell,0.001640,0.047444,0.836399,NULL
BCBBBBBAACC,0,3,7824,Sell,0.000180,0.046884,2.019897,NULL
CABBABCBCCC,0,3,420,Sell,0.005566,0.075351,1.859195,NULL
BACBBBCBBBA,0,3,68,Sell,0.000349,0.044199,0.181067,NULL
BBCBCBCABBC,0,3,7,Sell,0.013575,0.039817,0.109613,NULL
CACBCBBBAAA,0,3,847,Sell,0.001264,0.041954,0.760252,NULL
BCCACBCAABC,0,3,18,Sell,0.007884,0.049122,0.214953,NULL
BACABBCAACA,0,3,16,Sell,0.004091,0.047433,0.139647,NULL
CBCBABBBBCC,0,3,334,Sell,0.002368,0.041878,0.323129,NULL
CCCACBCBAAC,0,3,21,Sell,0.004885,0.119805,1.113984,NULL
CCCBBBBCBCC,0,3,24,Sell,0.006679,0.052250,0.228346,NULL
BCCBCBBCBCA,0,3,48,Sell,0.000090,0.027320,0.329114,NULL
BBBBCBBAABA,0,3,1022,Sell,0.000569,0.030788,0.362637,NULL
CABBCBBABCA,0,3,200,Sell,0.003038,0.039823,0.329305,NULL
BBBBBBBBACA,0,3,28474,Sell,0.000090,0.034879,1.828182,NULL
CABABBCAAAC,0,3,141,Sell,0.006271,0.081216,1.780000,NULL
BBCBBBBBAAC,0,3,28861,Sell,0.000180,0.039612,1.071429,NULL
CACABBCCBCA,0,3,6,Sell,0.007895,0.042002,0.184615,NULL
BACBBBBBAAC,0,3,6480,Sell,0.000631,0.053012,1.071327,NULL
CBBABBCBABA,2,3,603,Sell,0.000296,0.045115,0.488518,NULL
BCCBBBCAACA,0,3,84,Sell,0.005937,0.051557,0.297189,NULL
CBBBCBBBABC,0,3,1490,Sell,0.000000,0.028253,0.435018,NULL
BBCBBBBABCA,0,3,1200,Sell,0.000648,0.038122,0.754667,NULL
CACBBBBCACA,0,3,36,Sell,0.001020,0.035949,0.235455,NULL
CABBABBABBC,1,2,461,Sell,0.001831,0.039633,0.683636,NULL
CBCAABCAABC,0,2,59,Sell,0.003160,0.051596,0.475520,NULL
BCBABBCBBBC,0,2,24,Sell,0.003108,0.061926,0.356499,NULL
CBBBABCBCCC,0,2,841,Sell,0.001676,0.056296,0.836399,NULL
BBBBBBBBCCA,0,2,32632,Sell,0.000090,0.038537,1.806452,NULL
CBBBBBBAAAA,0,2,21342,Sell,0.000090,0.037195,1.516411,NULL
CCCBCBCCBCC,0,2,1,Sell,0.014599,0.021820,0.027397,NULL
CBCABBCAACB,0,2,2,Sell,0.003531,0.004117,0.005875,NULL
BACBBBCCBBA,0,2,3,Sell,0.000952,0.019795,0.045564,NULL
CBBBBBCAAAA,0,2,663,Sell,0.002822,0.041645,1.516411,NULL
CACBCBCBABC,0,2,54,Sell,0.008236,0.054831,0.317010,NULL
CBBABBCACCC,0,2,750,Sell,0.001475,0.071603,0.650000,NULL
BBCABBCAACA,0,2,75,Sell,0.002664,0.077419,0.515470,NULL
CCCBCBCBAAC,0,2,79,Sell,0.006157,0.067474,1.047619,NULL
BACBCBBBBAA,0,2,1249,Sell,0.001819,0.043069,0.718254,NULL
BBCACBCBABB,0,2,4,Sell,0.000415,0.050265,0.228155,NULL
CBBBABBBCCA,0,2,35337,Sell,0.000236,0.038230,2.019897,NULL
CACBABCABBA,0,2,26,Sell,0.005004,0.041962,0.187166,NULL
CCBBBBCBABA,0,2,267,Sell,0.002290,0.045553,0.327465,NULL
CACACBCABBC,0,2,23,Sell,0.009292,0.047082,0.158845,NULL
CCCBCBBCBCA,0,2,36,Sell,0.003529,0.043599,0.289377,NULL
BBCBBBCABBC,2,2,204,Unknown,0.000237,0.042408,0.451400,NULL
CCBBBBBAAAC,0,2,27271,Sell,0.000541,0.047654,7.062500,NULL
CACBCBBBBAA,0,2,950,Sell,0.002143,0.044354,0.565127,NULL
BACBCBCBBCA,0,2,19,Sell,0.005493,0.045807,0.320388,NULL
CBCABBCCBBA,0,2,3,Sell,0.003578,0.021757,0.044843,NULL
BBCBCBCBBAC,0,2,37,Sell,0.004645,0.049558,0.233503,NULL
BACBCBBAACC,0,2,194,Sell,0.000631,0.062619,0.389937,NULL
BACACBCBABC,0,2,2,Sell,0.008251,0.028903,0.064516,NULL
BACABBCBBCA,0,2,33,Sell,0.003546,0.114496,0.499237,NULL
CCBBCBBABCA,0,2,103,Sell,0.001965,0.034141,0.341102,NULL
BACABBCBBBC,0,2,15,Sell,0.012184,0.093947,0.501953,NULL
AABBCBBABBA,0,2,481,Sell,0.000168,0.037866,0.610256,NULL
BCBBCBBBBCA,0,2,5361,Sell,0.000174,0.041012,1.499102,NULL
CABBBBCBCAC,0,2,306,Sell,0.003481,0.082753,0.748101,NULL
BBCBBBBBCCA,0,2,54,Sell,0.004951,0.048523,0.221239,NULL
CCCBCBBAAAC,0,2,1979,Sell,0.001532,0.046178,0.912913,NULL
BBBBBBBABCC,0,2,19872,Sell,0.000180,0.034709,1.828182,NULL
BACACBCBACA,0,2,8,Sell,0.007559,0.065536,0.234848,NULL
BACBBBCBAAA,0,2,46,Sell,0.006803,0.077300,0.327913,NULL
CBCBABCBBBC,0,2,60,Sell,0.003350,0.040981,0.249428,NULL
AABBCBBABBC,2,2,556,Unknown,0.001620,0.041392,0.408629,NULL
BCCABBCCBBA,0,2,NULL,Sell,0.008929,0.012729,0.016529,NULL
CBBBBBCACCC,0,2,453,Sell,0.000748,0.042563,1.516411,NULL
CABBABCABCC,0,2,122,Sell,0.004529,0.062820,0.377880,NULL
CACBBBBCBAA,0,2,326,Sell,0.001029,0.032624,0.363636,NULL
CBBBABCABCC,0,2,402,Sell,0.001833,0.046357,0.676349,NULL
CBCBCBBAAAC,0,2,1347,Sell,0.001586,0.039142,0.600815,NULL
CABBCBBABCC,0,2,261,Sell,0.004302,0.050345,0.509186,NULL
CACBCBCABBC,0,2,62,Sell,0.005076,0.047184,0.228992,NULL
CABAABCBCCA,0,2,114,Sell,0.004905,0.101557,0.503226,NULL
CBCBABCAABC,0,2,61,Sell,0.001767,0.037182,0.361702,NULL
BBCBCBCABCC,0,2,19,Sell,0.000709,0.041914,0.376147,NULL
CCBBABCBBBA,0,2,106,Sell,0.001749,0.053166,0.237500,NULL
CBCBCBCCBCA,0,2,5,Sell,0.005682,0.028778,0.082143,NULL
BACACBCBBBC,0,2,3,Sell,0.005780,0.067784,0.156250,NULL
CABBBBCACCC,0,2,102,Sell,0.005227,0.078825,0.602694,NULL
BCCBCBCBBAA,0,2,69,Sell,0.001818,0.061934,0.423537,NULL
CACBCBBAAAA,0,2,208,Sell,0.001680,0.042445,0.388535,NULL
CACBBBCBCBC,0,2,48,Sell,0.000849,0.057137,0.248462,NULL
BBCBCBCAACA,0,2,19,Sell,0.005655,0.044875,0.240554,NULL
BCCBBBCBBAA,1,2,127,Sell,0.000786,0.058178,0.354571,NULL
CABABBCBABC,0,2,58,Sell,0.007109,0.056329,0.313984,NULL
BACABBCABCC,0,2,38,Sell,0.007458,0.080483,0.287404,NULL
BBCACBCAACC,0,2,40,Sell,0.008889,0.062166,0.275019,NULL
CACBABCBBCA,0,2,94,Sell,0.007308,0.051345,0.602694,NULL
BBCACBCBAAA,0,2,14,Sell,0.001776,0.087631,0.591549,NULL
CBCBBBBBCCC,0,2,273,Sell,0.001026,0.044533,1.176944,NULL
BBCBCBBCBBA,0,2,60,Sell,0.000147,0.021047,0.108108,NULL
BACBBBBAACA,0,2,707,Sell,0.002793,0.049697,0.438944,NULL
CACBABBBCCC,0,2,33,Sell,0.007783,0.038924,0.206522,NULL
BAABBBABBCA,1,2,310,Sell,0.000347,0.042833,0.448571,NULL
BACBBBCAACA,0,2,45,Sell,0.006014,0.072344,0.374286,NULL
CBCABBCABBB,2,2,28,Unknown,0.000000,0.013087,0.062587,NULL
BCBBCBBBABA,0,2,1117,Sell,0.000166,0.041416,0.950850,NULL
BACACBCBBBA,0,2,7,Sell,0.004904,0.028252,0.112245,NULL
BABBABBABCC,0,2,457,Sell,0.001801,0.039369,0.328036,NULL
CABBABBABCA,0,2,548,Sell,0.000090,0.041882,0.754667,NULL
BCCBCBCBAAC,0,2,79,Sell,0.000889,0.062738,0.303318,NULL
CBBAABCAACA,0,2,15,Sell,0.007197,0.136995,1.516411,NULL
CABAABCBCBC,0,2,55,Sell,0.008447,0.089719,0.313984,NULL
CBBBABCBBCA,0,2,870,Sell,0.002955,0.048629,0.408696,NULL
BBCBCBBBAAC,0,2,2193,Sell,0.000091,0.033815,0.323158,NULL
CCBBCBCBBBC,0,2,41,Sell,0.004139,0.048596,0.243243,NULL
BACBCBBBAAA,0,2,536,Sell,0.002146,0.038695,0.610159,NULL
CACAABCBBCC,0,2,32,Sell,0.008693,0.077019,0.304106,NULL
CCBBCBBBACA,0,2,1606,Sell,0.000821,0.041989,0.829008,NULL
BBCBBBBCABA,0,2,55,Sell,0.000321,0.031058,0.311935,NULL
BACBBBBCCBC,0,2,4,Sell,0.001359,0.017348,0.036437,NULL
CBBBBBCCBCA,0,2,398,Sell,0.000368,0.043757,0.344862,NULL
ACCBCBBBABA,0,2,1064,Sell,0.001514,0.043881,0.441137,NULL
CABABBCBBAC,0,2,274,Sell,0.004455,0.101370,1.071327,NULL
CBCACBCBAAC,0,2,1,Sell,0.029197,0.045926,0.061538,NULL
CCCABBCCACA,0,2,NULL,Sell,0.026596,0.130722,0.234848,NULL
BBCACBCABBC,0,2,4,Sell,0.020450,0.047637,0.096045,NULL
BABBCBBBACA,0,2,834,Sell,0.001602,0.043447,0.535354,NULL
CCBABBCBBAA,0,2,188,Sell,0.004622,0.071995,0.633161,NULL
CABBBBBCBBC,1,2,1898,Sell,0.000551,0.044776,0.939163,NULL
CACABBCACCA,0,2,18,Sell,0.010732,0.060605,0.171657,NULL
CCBABBCACCC,0,2,293,Sell,0.006782,0.089208,0.601423,NULL
CACBBBCCBCA,0,2,13,Sell,0.007470,0.047957,0.210777,NULL
CCBBCBBAABA,0,2,199,Sell,0.001896,0.034855,0.504934,NULL
CACABBCCCBA,0,2,2,Sell,0.001717,0.017632,0.029801,NULL
CACACBCBBBC,0,2,38,Sell,0.007679,0.059985,0.169132,NULL
CACBCBCBAAA,0,2,6,Sell,0.019920,0.053750,0.080661,NULL
CABABBCAAAA,0,2,67,Sell,0.001468,0.070013,0.381421,NULL
CACBABCABCA,0,2,46,Sell,0.008227,0.053201,0.231623,NULL
CABBBBBAAAA,0,2,3965,Sell,0.000355,0.048510,0.653856,NULL
BCCBCBCABCC,0,2,76,Sell,0.001105,0.035816,0.230000,NULL
CABABBCBBAA,0,2,195,Sell,0.004908,0.077125,0.633161,NULL
CCBBBBBCBCC,0,2,10502,Sell,0.000578,0.048398,1.609939,NULL
AABBCBBAABC,2,2,1270,Unknown,0.000278,0.048119,1.188119,NULL
BACBCBBABBC,0,2,32,Sell,0.003434,0.052368,0.361702,NULL
CCBBBBCBCCA,0,2,1338,Sell,0.001735,0.077974,1.107892,NULL
CABAABCABCC,0,2,56,Sell,0.005751,0.092264,0.483235,NULL
CBBBABBBBCC,0,2,48746,Sell,0.000361,0.036159,2.547431,NULL
CCBBBBCBAAC,0,2,427,Sell,0.003278,0.048683,0.430672,NULL
BACBABBBBCC,0,2,52,Sell,0.006128,0.049077,0.370370,NULL
BABBABBBCCA,0,2,4880,Sell,0.000180,0.041850,1.622575,NULL
CCCAABCABBC,0,2,32,Sell,0.002212,0.057288,0.397687,NULL
CBBBBBBABAC,0,2,86033,Sell,0.000180,0.038927,2.475610,NULL
CCCACBCBABA,1,2,111,Sell,0.000429,0.064659,1.225000,NULL
CBBBCBBBBCC,0,2,7080,Sell,0.000348,0.033419,1.021277,NULL
CBCBBBBBCBC,0,2,110,Sell,0.000496,0.057056,1.249490,NULL
BACBCBCBBCC,0,2,19,Sell,0.008344,0.067413,0.321429,NULL
CACBABBAACC,0,2,17,Sell,0.006303,0.029881,0.155478,NULL
CCCABBCCBCA,0,2,4,Sell,0.007264,0.071933,0.309406,NULL
CACBCBBCBBA,0,2,19,Sell,0.000956,0.024349,0.169935,NULL
BACABBCBAAC,0,2,31,Sell,0.003623,0.074624,0.414966,NULL
BBCABBCBCBB,0,2,13,Sell,0.000097,0.005827,0.014493,NULL
CCCBCBCBBAA,0,2,60,Sell,0.004565,0.054632,0.460377,NULL
BACBBBACCBA,0,2,5,Sell,0.001366,0.012908,0.050980,NULL
CACAABCAACC,0,2,12,Sell,0.009060,0.052010,0.140969,NULL
CACACBCBABC,0,2,21,Sell,0.007959,0.064742,0.279518,NULL
CBCAABCABCA,0,2,22,Sell,0.010570,0.046376,0.116364,NULL
CBBBABCBBBA,2,2,625,Unknown,0.000236,0.040035,0.827354,NULL
CABBCBBABBA,0,2,111,Sell,0.003648,0.056481,1.021277,NULL
CABBABCBBBC,0,2,238,Sell,0.001469,0.058040,0.443873,NULL
BACBCBCBACC,0,2,20,Sell,0.004618,0.050989,0.171571,NULL
CBCBABCBBCA,0,2,70,Sell,0.006629,0.055823,0.254876,NULL
BBCBBBCBBBB,1,2,16,Sell,0.000739,0.020230,0.091400,NULL
CBBBBBBCCCA,0,2,79561,Sell,0.000136,0.040222,1.806452,NULL
CCBBABBBBCA,0,2,8348,Sell,0.000486,0.048819,1.346300,NULL
CBCBABBABBA,0,2,62,Sell,0.001397,0.021575,0.137026,NULL
CACBCBCABCA,0,2,42,Sell,0.006799,0.061848,0.308688,NULL
CABBABBCCCA,0,2,13494,Sell,0.000136,0.047171,1.516411,NULL
CCBBABCAACC,0,2,36,Sell,0.005133,0.071524,0.457143,NULL
CBCACBCBBAA,0,2,7,Sell,0.014396,0.099724,0.185780,NULL
BCCBCBBCBAA,0,2,96,Sell,0.000181,0.041277,0.218750,NULL
CCBBBBCBBAA,0,2,1075,Sell,0.002982,0.059058,1.047619,NULL
BCCBBBBAACA,0,2,851,Sell,0.000181,0.052495,0.586538,NULL
CBCBBBBCCBA,0,2,43,Sell,0.000331,0.031667,0.221843,NULL
BACBBBCABCC,0,2,106,Sell,0.005765,0.066827,0.602694,NULL
CCBBBBBBAAA,0,2,17154,Sell,0.000541,0.050432,7.062500,NULL
CCCBCBBCBBA,0,2,16,Sell,0.002052,0.020995,0.067961,NULL
BBBBBBBCBCC,0,2,9494,Sell,0.000000,0.032412,1.609939,NULL
CABABBCCBCA,0,2,20,Sell,0.006452,0.075347,0.308642,NULL
CBCBABCABCC,0,2,148,Sell,0.006167,0.050901,0.305046,NULL
AACBCBBAABC,0,2,328,Sell,0.002879,0.048218,0.509186,NULL
BABBBBBAACC,0,2,1158,Sell,0.003146,0.059448,1.171384,NULL
CCBBBBBBAAC,0,2,29288,Sell,0.000522,0.051941,7.062500,NULL
